Rep,Altitude,Rainfall,Frosts,Year,PMCno,DBH,Ht,Surv,Vig,Ins_res,Stem_Fm,Crown_Fm,Brnch_Fm,__target__
0.0,0.13043478260869565,0.0,1.0,0.0,0.5523636363636364,0.000424622698851499,0.4276729559748428,0.39086294416243655,0.7777777777777778,0.6666666666666666,0.7,0.8,0.7,0
0.0,0.13043478260869565,0.0,1.0,0.0,0.5403636363636364,0.0002986853567187097,0.412675374939526,0.8984771573604061,0.8888888888888888,0.8888888888888888,0.7,0.7,0.6,1
0.0,0.13043478260869565,0.0,1.0,0.0,0.4949090909090909,0.00023143956837233352,0.2602805999032414,0.49238578680203043,0.39999999999999997,0.5555555555555556,0.6,0.7,0.6,2
0.0,0.13043478260869565,0.0,1.0,0.0,0.58,0.00033789226511854036,0.40445089501693277,0.6954314720812182,0.7111111111111111,0.6666666666666666,0.6599999999999999,0.8,0.7,0
0.0,0.13043478260869565,0.0,1.0,0.0,0.7589090909090909,0.0003307637363185711,0.4673439767779391,0.8984771573604061,0.7777777777777778,0.6000000000000001,0.6599999999999999,0.6,0.6,0
0.0,0.13043478260869565,0.0,1.0,0.0,0.5530909090909091,0.0003904057606116469,0.5399129172714079,0.6954314720812182,1.0,0.8888888888888888,1.0,0.8,0.9,1
0.0,0.13043478260869565,0.0,1.0,0.0,0.5527272727272727,0.00031721953159862963,0.41848089017900336,0.7969543147208121,0.7777777777777778,0.4444444444444444,0.6,0.6,0.6,0
0.0,0.13043478260869565,0.0,1.0,0.0,0.5534545454545454,0.00043887975645143744,0.4905660377358491,1.0,1.0,1.0,0.7,0.8,0.4,1
0.0,0.13043478260869565,0.0,1.0,0.0,0.5538181818181818,0.00016728280917261069,0.26463473633284956,0.7969543147208121,0.4444444444444444,0.5555555555555556,0.6599999999999999,0.7,0.7,3
0.0,0.13043478260869565,0.0,1.0,0.0,0.5541818181818182,0.00033670417698521214,0.3875181422351235,0.49238578680203043,0.7777777777777778,0.8888888888888888,0.6599999999999999,0.6,0.6,0
0.047619047619047616,0.13043478260869565,0.0,1.0,0.0,0.5523636363636364,0.00017987654338588963,0.2709240445089502,0.6954314720812182,0.2222222222222222,0.6666666666666666,0.6,0.6,0.6,2
0.047619047619047616,0.13043478260869565,0.0,1.0,0.0,0.5403636363636364,0.0003443079410385126,0.2926947266569908,0.08629441624365482,0.7777777777777778,0.8888888888888888,0.6599999999999999,0.6,0.4,0
0.047619047619047616,0.13043478260869565,0.0,1.0,0.0,0.4949090909090909,0.00019983642402580338,0.23850991775520078,0.5939086294416244,0.4444444444444444,0.6666666666666666,0.6,0.8,0.8,2
0.047619047619047616,0.13043478260869565,0.0,1.0,0.0,0.58,0.0002982101214653784,0.23996129656507018,0.7969543147208121,0.6666666666666666,0.8888888888888888,0.8,0.7,0.7,1
0.047619047619047616,0.13043478260869565,0.0,1.0,0.0,0.7589090909090909,0.00024236997919895294,0.37784228350266086,1.0,0.5555555555555556,0.4444444444444444,0.6,0.6,0.6,0
0.047619047619047616,0.13043478260869565,0.0,1.0,0.0,0.5530909090909091,0.0002970220333320502,0.4194484760522496,0.8984771573604061,1.0,1.0,1.0,0.8,0.8,1
0.047619047619047616,0.13043478260869565,0.0,1.0,0.0,0.5527272727272727,0.00022906339210567714,0.34833091436865027,1.0,0.5555555555555556,0.4,0.6,0.6,0.6,3
0.047619047619047616,0.13043478260869565,0.0,1.0,0.0,0.5534545454545454,0.0004308007571448057,0.47314949201741663,1.0,0.7777777777777778,0.8888888888888888,0.6599999999999999,0.8,0.6,1
0.047619047619047616,0.13043478260869565,0.0,1.0,0.0,0.5538181818181818,0.00018177748439921474,0.2602805999032414,0.6954314720812182,0.3333333333333333,0.4444444444444444,0.6599999999999999,0.8,0.7,2
0.047619047619047616,0.13043478260869565,0.0,1.0,0.0,0.5541818181818182,0.0004025242595715945,0.3918722786647316,0.5939086294416244,0.7777777777777778,0.6666666666666666,0.6,0.6,0.4,0
0.09523809523809523,0.13043478260869565,0.0,1.0,0.0,0.5523636363636364,0.00024165712631895605,0.23173681664247706,0.49238578680203043,0.48888888888888893,0.8888888888888888,0.6599999999999999,0.7,0.6,3
0.09523809523809523,0.13043478260869565,0.0,1.0,0.0,0.5403636363636364,0.0004975713102378505,0.3701015965166909,0.18781725888324874,0.7777777777777778,0.7777777777777778,0.6,0.6,0.2,3
0.09523809523809523,0.13043478260869565,0.0,1.0,0.0,0.4949090909090909,0.0003478722054384972,0.2602805999032414,0.2893401015228426,0.5555555555555556,0.8888888888888888,0.6,0.6,0.6,3
0.09523809523809523,0.13043478260869565,0.0,1.0,0.0,0.58,0.00021742012839906077,0.3652636671504596,0.6954314720812182,0.48888888888888893,0.8888888888888888,0.7,0.7,0.7,0
0.09523809523809523,0.13043478260869565,0.0,1.0,0.0,0.7589090909090909,0.00039373240738496576,0.34349298500241904,0.5939086294416244,1.0,0.6000000000000001,0.7,0.6,0.4,0
0.09523809523809523,0.13043478260869565,0.0,1.0,0.0,0.5530909090909091,0.0003694954094650704,0.4271891630382196,0.49238578680203043,0.8444444444444444,1.0,0.6599999999999999,0.7,0.6,0
0.09523809523809523,0.13043478260869565,0.0,1.0,0.0,0.5527272727272727,0.00019484645386582493,0.22593130140299952,0.49238578680203043,0.4444444444444444,0.4444444444444444,0.64,0.6599999999999999,0.6,3
0.09523809523809523,0.13043478260869565,0.0,1.0,0.0,0.5534545454545454,0.00039444526026496273,0.42912433478471224,0.8984771573604061,0.8444444444444444,1.0,0.7,0.8,0.6599999999999999,0
0.09523809523809523,0.13043478260869565,0.0,1.0,0.0,0.5538181818181818,0.00028062641709212106,0.21432027092404451,0.7969543147208121,0.5555555555555556,0.5555555555555556,0.4,0.4,0.4,3
0.09523809523809523,0.13043478260869565,0.0,1.0,0.0,0.5541818181818182,0.00033670417698521214,0.3226898887276246,0.2893401015228426,0.7777777777777778,0.8888888888888888,0.8,0.5,0.4,0
0.0,0.2608695652173913,0.3333333333333333,0.0,0.0,0.5523636363636364,0.00022621198058568942,0.3425253991291727,0.5939086294416244,0.5555555555555556,0.8888888888888888,0.7,0.7,0.64,3
0.0,0.2608695652173913,0.3333333333333333,0.0,0.0,0.4949090909090909,9.789846218624375e-05,0.2119013062409289,0.18781725888324874,0.1111111111111111,0.3333333333333333,0.4,0.6,0.6,4
0.0,0.2608695652173913,0.3333333333333333,0.0,0.0,0.58,0.0003901681429849812,0.5553942912433479,0.49238578680203043,0.8444444444444444,0.8888888888888888,0.64,0.8,0.7,0
0.0,0.2608695652173913,0.3333333333333333,0.0,0.0,0.7589090909090909,0.00023096433311900225,0.40058055152394784,0.7969543147208121,0.5555555555555556,0.5555555555555556,0.6,0.6,0.6,0
0.0,0.2608695652173913,0.3333333333333333,0.0,0.0,0.5530909090909091,0.0004994722512511757,0.5263667150459603,0.39086294416243655,0.7777777777777778,0.8222222222222223,0.7,0.7,0.6,0
0.0,0.2608695652173913,0.3333333333333333,0.0,0.0,0.5527272727272727,0.00025472609578556626,0.4296081277213353,0.39086294416243655,0.48888888888888893,0.4444444444444444,0.64,0.8,0.6,3
0.0,0.2608695652173913,0.3333333333333333,0.0,0.0,0.5534545454545454,0.00028799256351875585,0.3957426221577165,0.7969543147208121,0.5333333333333333,0.8888888888888888,0.64,0.78,0.6799999999999999,0
0.0,0.2608695652173913,0.3333333333333333,0.0,0.0,0.5538181818181818,0.00011453169605283857,0.16352201257861637,0.18781725888324874,0.1111111111111111,0.4444444444444444,0.6,0.6,0.6,4
0.047619047619047616,0.2608695652173913,0.3333333333333333,0.0,0.0,0.5523636363636364,0.00014779816378602818,0.2119013062409289,0.5939086294416244,0.4444444444444444,0.7777777777777778,0.7,0.7,0.6,2
0.047619047619047616,0.2608695652173913,0.3333333333333333,0.0,0.0,0.5403636363636364,0.0004091775531182324,0.4296081277213353,0.08629441624365482,0.7777777777777778,0.8888888888888888,0.7,0.8,0.4,0
0.047619047619047616,0.2608695652173913,0.3333333333333333,0.0,0.0,0.58,0.0004709581360512988,0.43928398645379774,0.5939086294416244,0.7777777777777778,0.8888888888888888,0.6,0.6,0.5,0
0.047619047619047616,0.2608695652173913,0.3333333333333333,0.0,0.0,0.7589090909090909,0.00044006784458476566,0.4150943396226415,0.5939086294416244,0.7111111111111111,0.6666666666666666,0.4,0.4,0.3,0
0.047619047619047616,0.2608695652173913,0.3333333333333333,0.0,0.0,0.5530909090909091,0.0003545254989851351,0.41993226898887276,0.39086294416243655,0.7777777777777778,0.7777777777777778,0.7,0.7,0.6,0
0.047619047619047616,0.2608695652173913,0.3333333333333333,0.0,0.0,0.5527272727272727,0.0003070019736520071,0.31833575229801647,0.2893401015228426,0.5555555555555556,0.4444444444444444,0.6599999999999999,0.8,0.7,0
0.047619047619047616,0.2608695652173913,0.3333333333333333,0.0,0.0,0.5534545454545454,0.00048046284111792446,0.5263667150459603,0.18781725888324874,0.5555555555555556,0.8888888888888888,0.6,0.7,0.6,3
0.047619047619047616,0.2608695652173913,0.3333333333333333,0.0,0.0,0.5538181818181818,0.0002594784483188791,0.22641509433962265,0.39086294416243655,0.2222222222222222,0.4444444444444444,0.5,0.7,0.5,4
0.09523809523809523,0.2608695652173913,0.3333333333333333,0.0,0.0,0.5403636363636364,0.0008796604539162,0.5747460087082729,0.08629441624365482,1.0,0.8888888888888888,0.4,0.4,0.2,0
0.09523809523809523,0.2608695652173913,0.3333333333333333,0.0,0.0,0.58,0.0005683813629842113,0.5263667150459603,0.18781725888324874,0.7777777777777778,0.8888888888888888,0.8,0.8,0.4,0
0.09523809523809523,0.2608695652173913,0.3333333333333333,0.0,0.0,0.7589090909090909,0.00040442520058491964,0.38122883405902275,0.8984771573604061,0.8888888888888888,0.5555555555555556,0.6,0.4,0.3,0
0.09523809523809523,0.2608695652173913,0.3333333333333333,0.0,0.0,0.5527272727272727,0.00037115873285172994,0.43928398645379774,0.5939086294416244,0.7777777777777778,0.5111111111111111,0.6,0.6599999999999999,0.6,1
0.09523809523809523,0.2608695652173913,0.3333333333333333,0.0,0.0,0.5534545454545454,0.0002594784483188791,0.38122883405902275,0.18781725888324874,0.48888888888888893,0.8222222222222223,0.8,0.8,0.6,0
0.09523809523809523,0.2608695652173913,0.3333333333333333,0.0,0.0,0.5538181818181818,0.0001668075739192794,0.2119013062409289,0.18781725888324874,0.1111111111111111,0.4444444444444444,0.4,0.6,0.6,4
0.0,0.0,0.3333333333333333,1.0,0.3333333333333333,0.39745454545454545,6.700817071971052e-05,0.2119013062409289,0.49238578680203043,0.1111111111111111,0.2222222222222222,0.6,0.6,0.6,4
0.0,0.0,0.3333333333333333,1.0,0.3333333333333333,0.4036363636363636,0.00040442520058491964,0.5553942912433479,0.7055837563451777,0.6666666666666666,0.6666666666666666,0.6599999999999999,0.5,0.4,0
0.0,0.0,0.3333333333333333,1.0,0.3333333333333333,0.404,0.0003188828549852891,0.4296081277213353,1.0,0.4444444444444444,0.3333333333333333,0.6,0.8,0.8,2
0.0,0.0,0.3333333333333333,1.0,0.3333333333333333,0.40436363636363637,0.00019532168911915622,0.4973391388485729,1.0,0.3333333333333333,0.4444444444444444,0.8,0.8,0.8,2
0.0,0.0,0.3333333333333333,1.0,0.3333333333333333,0.48618181818181816,0.00036165402778510434,0.4296081277213353,0.37055837563451777,0.6666666666666666,0.7777777777777778,0.6599999999999999,0.7,0.6,3
0.0,0.0,0.3333333333333333,1.0,0.3333333333333333,0.5385454545454545,0.0003545254989851351,0.45379777455249154,0.49238578680203043,0.5555555555555556,0.7333333333333333,0.6599999999999999,0.6,0.6,1
0.0,0.0,0.3333333333333333,1.0,0.3333333333333333,0.7189090909090909,0.00033313991258522753,0.4828253507498791,1.0,0.7777777777777778,0.6666666666666666,0.7,0.7,0.6599999999999999,0
0.0,0.0,0.3333333333333333,1.0,0.3333333333333333,0.48654545454545456,0.0003972966717849504,0.5844218674407353,0.7055837563451777,0.6222222222222222,0.6666666666666666,0.6,0.6,0.6,3
0.0,0.0,0.3333333333333333,1.0,0.3333333333333333,0.649090909090909,0.00030224962111869433,0.46831156265118534,0.7461928934010152,0.7777777777777778,0.8444444444444444,0.8,0.8,0.8,1
0.0,0.0,0.3333333333333333,1.0,0.3333333333333333,0.8894545454545455,0.0004567010784513605,0.463473633284954,0.7461928934010152,0.8888888888888888,0.6666666666666666,0.6,0.6,0.5,0
0.0,0.0,0.3333333333333333,1.0,0.3333333333333333,0.5796363636363636,0.00010977934351952577,0.15384615384615385,0.7461928934010152,0.0,0.1111111111111111,0.8,0.8,0.8,4
0.0,0.0,0.3333333333333333,1.0,0.3333333333333333,0.4254545454545455,0.00034264461765185313,0.4925012094823416,0.8781725888324873,0.39999999999999997,0.37777777777777777,0.6,0.6,0.4,2
0.0,0.0,0.3333333333333333,1.0,0.3333333333333333,0.58,0.00034977314645182235,0.46831156265118534,0.7461928934010152,0.5555555555555556,0.6666666666666666,0.6,0.8,0.7,1
0.0,0.0,0.3333333333333333,1.0,0.3333333333333333,0.8938181818181818,0.0004376916683181092,0.7198838896952104,0.8781725888324873,0.8444444444444444,0.6666666666666666,0.96,0.8,0.8,1
0.0,0.0,0.3333333333333333,1.0,0.3333333333333333,0.6487272727272727,0.00015730286885265378,0.23609095307208516,0.49238578680203043,0.17777777777777778,0.2888888888888889,0.8,0.8,0.8,4
0.0,0.0,0.3333333333333333,1.0,0.3333333333333333,0.5807272727272728,0.00036403020405176073,0.5650701499758104,1.0,0.7777777777777778,0.8888888888888888,0.6599999999999999,0.8,0.6,1
0.0,0.0,0.3333333333333333,1.0,0.3333333333333333,0.6494545454545455,0.00041630608191820163,0.6618287373004355,1.0,0.911111111111111,0.8888888888888888,0.86,0.86,0.8,1
0.0,0.0,0.3333333333333333,1.0,0.3333333333333333,0.9021818181818182,0.0003901681429849812,0.6279632317368167,0.8781725888324873,0.8888888888888888,0.6666666666666666,0.74,0.74,0.74,1
0.0,0.0,0.3333333333333333,1.0,0.3333333333333333,0.8836363636363637,0.0006064001832507138,0.7198838896952104,0.37055837563451777,1.0,0.6666666666666666,0.8,0.8,0.54,1
0.0,0.0,0.3333333333333333,1.0,0.3333333333333333,0.5538181818181818,0.00027611168218547385,0.6134494436381229,0.49238578680203043,0.3333333333333333,0.3333333333333333,0.6,0.6,0.6,2
0.0,0.0,0.3333333333333333,1.0,0.3333333333333333,0.4869090909090909,0.00020720257045243824,0.15384615384615385,0.6243654822335025,0.1111111111111111,0.26666666666666666,0.2,0.2,0.2,4
0.0,0.0,0.3333333333333333,1.0,0.3333333333333333,0.8825454545454545,0.0005232340139177397,0.594097726173198,1.0,1.0,0.6666666666666666,0.45999999999999996,0.54,0.4,1
0.047619047619047616,0.0,0.3333333333333333,1.0,0.3333333333333333,0.39745454545454545,0.0001715599264525922,0.3038219641993227,0.6243654822335025,0.1111111111111111,0.2222222222222222,0.6,0.6,0.6,4
0.047619047619047616,0.0,0.3333333333333333,1.0,0.3333333333333333,0.4036363636363636,0.0003759110853850427,0.5892597968069666,1.0,0.8888888888888888,0.6666666666666666,0.6599999999999999,0.6599999999999999,0.54,0
0.047619047619047616,0.0,0.3333333333333333,1.0,0.3333333333333333,0.404,0.0002689831533855047,0.4150943396226415,1.0,0.39999999999999997,0.4,0.6,0.7,0.64,2
0.047619047619047616,0.0,0.3333333333333333,1.0,0.3333333333333333,0.40436363636363637,0.00023334050938565864,0.40058055152394784,0.8781725888324873,0.3333333333333333,0.37777777777777777,0.8,0.8,0.8,2
0.047619047619047616,0.0,0.3333333333333333,1.0,0.3333333333333333,0.48618181818181816,0.0003070019736520071,0.4296081277213353,0.116751269035533,0.5555555555555556,0.8888888888888888,0.6,0.8,0.6599999999999999,2
0.047619047619047616,0.0,0.3333333333333333,1.0,0.3333333333333333,0.5385454545454545,0.0005327387189843653,0.4779874213836478,0.116751269035533,0.5555555555555556,0.7777777777777778,0.4,0.2,0.2,3
0.047619047619047616,0.0,0.3333333333333333,1.0,0.3333333333333333,0.7189090909090909,0.0005493719528509601,0.5553942912433479,0.8781725888324873,1.0,0.7333333333333333,0.6,0.4,0.4,0
0.047619047619047616,0.0,0.3333333333333333,1.0,0.3333333333333333,0.48654545454545456,0.0007893657557832566,0.7198838896952104,0.49238578680203043,1.0,0.6666666666666666,0.4,0.4,0.1,0
0.047619047619047616,0.0,0.3333333333333333,1.0,0.3333333333333333,0.649090909090909,0.0003901681429849812,0.6860183841315918,0.7461928934010152,0.9333333333333333,0.8888888888888888,0.7,0.8,0.8,1
0.047619047619047616,0.0,0.3333333333333333,1.0,0.3333333333333333,0.8894545454545455,0.00048046284111792446,0.5553942912433479,0.6243654822335025,0.7777777777777778,0.6666666666666666,0.6599999999999999,0.7,0.7,0
0.047619047619047616,0.0,0.3333333333333333,1.0,0.3333333333333333,0.5796363636363636,0.000140669634986059,0.1586840832123851,0.6243654822335025,0.0,0.1111111111111111,0.8,0.9,0.8,4
0.047619047619047616,0.0,0.3333333333333333,1.0,0.3333333333333333,0.4254545454545455,0.00023334050938565864,0.2554426705370102,0.7461928934010152,0.26666666666666666,0.3333333333333333,0.0,0.0,0.0,4
0.047619047619047616,0.0,0.3333333333333333,1.0,0.3333333333333333,0.58,0.00028561638725209946,0.3328495403967102,0.3604060913705584,0.4444444444444444,0.7777777777777778,0.8,0.8,0.8,3
0.047619047619047616,0.0,0.3333333333333333,1.0,0.3333333333333333,0.4858181818181818,0.000513729308851114,0.652152878567973,0.6243654822335025,1.0,0.6666666666666666,0.8,0.8,0.64,1
0.047619047619047616,0.0,0.3333333333333333,1.0,0.3333333333333333,0.8938181818181818,0.00045194872591804765,0.6908563134978231,1.0,1.0,0.6666666666666666,1.0,0.86,0.6,1
0.047619047619047616,0.0,0.3333333333333333,1.0,0.3333333333333333,0.6487272727272727,0.00021908345178572026,0.30865989356555396,0.7461928934010152,0.26666666666666666,0.2888888888888889,0.6599999999999999,0.8,0.7,2
0.047619047619047616,0.0,0.3333333333333333,1.0,0.3333333333333333,0.5807272727272728,0.0003473969701851659,0.6424770198355105,1.0,0.8888888888888888,0.8888888888888888,0.6,0.8,0.6,0
0.047619047619047616,0.0,0.3333333333333333,1.0,0.3333333333333333,0.6494545454545455,0.00045194872591804765,0.748911465892598,1.0,1.0,0.6666666666666666,0.8,0.8,0.6,1
0.047619047619047616,0.0,0.3333333333333333,1.0,0.3333333333333333,0.9021818181818182,0.0003901681429849812,0.6279632317368167,0.8781725888324873,0.8888888888888888,0.6666666666666666,0.74,0.74,0.74,1
0.047619047619047616,0.0,0.3333333333333333,1.0,0.3333333333333333,0.8836363636363637,0.0006040240069840573,0.6231253023705854,0.8781725888324873,1.0,0.7777777777777778,0.7,0.8,0.6599999999999999,1
0.047619047619047616,0.0,0.3333333333333333,1.0,0.3333333333333333,0.4330909090909091,0.00019769786538581264,0.19738751814223515,0.6243654822335025,0.4444444444444444,0.4,0.6,0.6,0.6,4
0.047619047619047616,0.0,0.3333333333333333,1.0,0.3333333333333333,0.5538181818181818,0.00023096433311900225,0.3231736816642477,1.0,0.39999999999999997,0.4444444444444444,0.6,0.6,0.6,2
1.0,0.0,0.3333333333333333,1.0,0.3333333333333333,0.885090909090909,0.00045194872591804765,0.5408805031446541,0.7461928934010152,0.6222222222222222,0.6666666666666666,0.6599999999999999,0.7,0.7,1
0.047619047619047616,0.0,0.3333333333333333,1.0,0.3333333333333333,0.4869090909090909,0.0004638296072513297,0.27963231736816646,0.8781725888324873,0.5555555555555556,0.5555555555555556,0.2,0.1,0.0,2
0.09523809523809523,0.0,0.3333333333333333,1.0,0.3333333333333333,0.39745454545454545,0.0003070019736520071,0.1393323657474601,0.116751269035533,0.0,0.0,0.2,0.2,0.2,4
0.09523809523809523,0.0,0.3333333333333333,1.0,0.3333333333333333,0.4036363636363636,0.00032363520751860187,0.46831156265118534,1.0,0.5555555555555556,0.6222222222222222,0.6599999999999999,0.6599999999999999,0.6,0
0.09523809523809523,0.0,0.3333333333333333,1.0,0.3333333333333333,0.404,0.0002974972685853815,0.4586357039187228,0.8781725888324873,0.3333333333333333,0.4444444444444444,0.6,0.6,0.6,4
0.09523809523809523,0.0,0.3333333333333333,1.0,0.3333333333333333,0.40436363636363637,0.00021433109925240743,0.2844702467343977,1.0,0.4666666666666667,0.4444444444444444,0.6,0.6,0.6,2
0.09523809523809523,0.0,0.3333333333333333,1.0,0.3333333333333333,0.48618181818181816,0.0004353154920514528,0.38122883405902275,0.116751269035533,0.3333333333333333,0.7777777777777778,0.6,0.7,0.6,4
0.09523809523809523,0.0,0.3333333333333333,1.0,0.3333333333333333,0.5385454545454545,0.00046145343098467326,0.5844218674407353,0.7461928934010152,0.8888888888888888,0.6666666666666666,0.8,0.8,0.8,1
0.09523809523809523,0.0,0.3333333333333333,1.0,0.3333333333333333,0.7189090909090909,0.0006182810645839957,0.5989356555394292,0.7461928934010152,1.0,0.6666666666666666,0.5,0.4,0.2,0
0.09523809523809523,0.0,0.3333333333333333,1.0,0.3333333333333333,0.48654545454545456,0.0005541243053842729,0.5602322206095791,0.3604060913705584,0.7777777777777778,0.6666666666666666,0.6,0.6,0.6,0
0.09523809523809523,0.0,0.3333333333333333,1.0,0.3333333333333333,0.649090909090909,0.0004091775531182324,0.5360425737784228,0.6243654822335025,0.9333333333333333,0.6888888888888889,0.6,0.6,0.6,0
0.09523809523809523,0.0,0.3333333333333333,1.0,0.3333333333333333,0.8894545454545455,0.0004947198987178628,0.5602322206095791,0.7461928934010152,0.911111111111111,0.8888888888888888,0.6,0.6,0.6,1
0.09523809523809523,0.0,0.3333333333333333,1.0,0.3333333333333333,0.5796363636363636,0.0001715599264525922,0.20222544750846638,0.49238578680203043,0.1111111111111111,0.3333333333333333,0.8,0.8,0.8,4
0.09523809523809523,0.0,0.3333333333333333,1.0,0.3333333333333333,0.4254545454545455,0.0002974972685853815,0.43444605708756656,1.0,0.3333333333333333,0.4444444444444444,0.4,0.4,0.4,2
0.09523809523809523,0.0,0.3333333333333333,1.0,0.3333333333333333,0.58,0.0003450207939185095,0.5408805031446541,0.8781725888324873,0.6666666666666666,0.6666666666666666,0.6599999999999999,0.8,0.8,1
0.09523809523809523,0.0,0.3333333333333333,1.0,0.3333333333333333,0.4858181818181818,0.0005683813629842113,0.5989356555394292,0.7461928934010152,1.0,0.6666666666666666,0.8,0.8,0.5,1
0.09523809523809523,0.0,0.3333333333333333,1.0,0.3333333333333333,0.8938181818181818,0.0005493719528509601,0.5892597968069666,0.8781725888324873,1.0,0.6666666666666666,0.7,0.7,0.5,1
0.09523809523809523,0.0,0.3333333333333333,1.0,0.3333333333333333,0.6487272727272727,0.00023571668565231505,0.3134978229317852,0.8781725888324873,0.39999999999999997,0.4444444444444444,0.6,0.7,0.6,2
0.09523809523809523,0.0,0.3333333333333333,1.0,0.3333333333333333,0.5807272727272728,0.0003188828549852891,0.4441219158200291,1.0,0.6666666666666666,0.8888888888888888,0.4,0.6,0.4,3
0.09523809523809523,0.0,0.3333333333333333,1.0,0.3333333333333333,0.6494545454545455,0.0005042246037844885,0.6134494436381229,1.0,1.0,0.6666666666666666,0.6,0.6,0.4,1
0.09523809523809523,0.0,0.3333333333333333,1.0,0.3333333333333333,0.9021818181818182,0.0003759110853850427,0.5312046444121916,0.8781725888324873,0.9555555555555555,0.6666666666666666,0.6599999999999999,0.7,0.4,1
0.09523809523809523,0.0,0.3333333333333333,1.0,0.3333333333333333,0.8836363636363637,0.00040442520058491964,0.5457184325108855,1.0,0.6666666666666666,0.7333333333333333,0.6,0.6,0.4,0
0.09523809523809523,0.0,0.3333333333333333,1.0,0.3333333333333333,0.4330909090909091,0.00027611168218547385,0.1586840832123851,0.7461928934010152,0.5555555555555556,0.4444444444444444,0.6,0.5,0.5,2
0.09523809523809523,0.0,0.3333333333333333,1.0,0.3333333333333333,0.5538181818181818,0.00020007404165246903,0.2747943880019352,1.0,0.3333333333333333,0.3333333333333333,0.4,0.8,0.7,4
0.09523809523809523,0.0,0.3333333333333333,1.0,0.3333333333333333,0.885090909090909,0.0004685819597846425,0.6037735849056605,0.6243654822335025,0.7777777777777778,0.6000000000000001,0.6,0.5,0.4,0
0.09523809523809523,0.0,0.3333333333333333,1.0,0.3333333333333333,0.4869090909090909,0.00019532168911915622,0.2506047411707789,1.0,0.3333333333333333,0.4444444444444444,0.2,0.4,0.4,4
0.0,0.4782608695652174,0.5111111111111111,0.0,0.3333333333333333,0.39745454545454545,5.4176818879765955e-05,0.10062893081761008,0.23857868020304568,0.3333333333333333,0.4444444444444444,0.4,0.4,0.4,4
0.0,0.4782608695652174,0.5111111111111111,0.0,0.3333333333333333,0.4036363636363636,9.290849202626531e-05,0.1446540880503145,0.43147208121827413,0.4444444444444444,0.6666666666666666,0.6,0.6,0.6,2
0.0,0.4782608695652174,0.5111111111111111,0.0,0.3333333333333333,0.404,0.000221222010425711,0.2689888727624577,1.0,0.6666666666666666,0.4444444444444444,0.6,0.8,0.6,1
0.0,0.4782608695652174,0.5111111111111111,0.0,0.3333333333333333,0.5796363636363636,0.00011310599029284471,0.09337203676826318,0.7461928934010152,0.48888888888888893,0.2222222222222222,0.6,0.8,0.8,2
0.0,0.4782608695652174,0.5111111111111111,0.0,0.3333333333333333,0.48654545454545456,6.415675919972284e-05,0.142718916303822,0.7461928934010152,0.3333333333333333,0.6666666666666666,0.6,0.6,0.6,2
0.0,0.4782608695652174,0.5111111111111111,0.0,0.3333333333333333,0.8894545454545455,0.00016728280917261069,0.2065795839380745,1.0,0.5555555555555556,0.6666666666666666,0.6,0.7,0.6,0
0.0,0.4782608695652174,0.5111111111111111,0.0,0.3333333333333333,0.649090909090909,0.00012997684178610517,0.2065795839380745,0.8781725888324873,0.7777777777777778,0.8888888888888888,0.7,0.7,0.7,0
0.0,0.4782608695652174,0.5111111111111111,0.0,0.3333333333333333,0.58,0.0001378182234660713,0.19109820996613452,0.8781725888324873,0.5555555555555556,0.8888888888888888,0.7,0.8,0.8,1
0.0,0.4782608695652174,0.5111111111111111,0.0,0.3333333333333333,0.4254545454545455,0.0001325906356794272,0.15384615384615385,0.39086294416243655,0.5555555555555556,0.4444444444444444,0.2,0.2,0.2,2
0.0,0.4782608695652174,0.5111111111111111,0.0,0.3333333333333333,0.8974545454545455,0.00045955248997134817,0.30237058538945333,0.116751269035533,0.3333333333333333,0.5555555555555556,0.6,0.6,0.6,2
0.0,0.4782608695652174,0.5111111111111111,0.0,0.3333333333333333,0.6487272727272727,7.912666967965818e-05,0.13497822931785197,0.6243654822335025,0.4444444444444444,0.3333333333333333,0.6,0.8,0.6,3
0.0,0.4782608695652174,0.5111111111111111,0.0,0.3333333333333333,0.5807272727272728,0.00024165712631895605,0.39380745041122406,0.8781725888324873,0.7777777777777778,0.8888888888888888,0.8,0.8,0.8,1
0.0,0.4782608695652174,0.5111111111111111,0.0,0.3333333333333333,0.8825454545454545,7.247337613302025e-05,0.18867924528301885,0.6243654822335025,0.7777777777777778,0.7777777777777778,0.8,0.8,0.7,0
0.0,0.4782608695652174,0.5111111111111111,0.0,0.3333333333333333,0.8836363636363637,0.00013211540042609593,0.2293178519593614,0.7461928934010152,0.7777777777777778,0.6666666666666666,0.8,0.8,0.8,1
0.0,0.4782608695652174,0.5111111111111111,0.0,0.3333333333333333,0.6494545454545455,0.00011215551978618215,0.18190614417029513,0.37055837563451777,0.6666666666666666,0.6666666666666666,0.8,0.8,0.8,0
0.0,0.4782608695652174,0.5111111111111111,0.0,0.3333333333333333,0.885090909090909,0.0003409812942651936,0.40009675858732463,0.6243654822335025,0.7777777777777778,0.6666666666666666,0.6,0.5,0.5,0
0.0,0.4782608695652174,0.5111111111111111,0.0,0.3333333333333333,0.5538181818181818,6.249343581306336e-05,0.1257861635220126,0.49238578680203043,0.2222222222222222,0.4444444444444444,0.4,0.8,0.8,2
0.0,0.4782608695652174,0.5111111111111111,0.0,0.3333333333333333,0.4869090909090909,0.00012712543026611748,0.2593130140299952,1.0,0.2888888888888889,0.4,0.4,0.4,0.6,2
0.0,0.4782608695652174,0.5111111111111111,0.0,0.3333333333333333,0.6469090909090909,0.00013449157669275235,0.18045476536042573,0.23857868020304568,0.4444444444444444,0.8888888888888888,0.6,0.6,0.6,2
0.047619047619047616,0.4782608695652174,0.5111111111111111,0.0,0.3333333333333333,0.39745454545454545,1.0692793199953809e-05,0.05079825834542815,0.116751269035533,0.3333333333333333,0.4444444444444444,0.4,0.4,0.4,4
0.047619047619047616,0.4782608695652174,0.5111111111111111,0.0,0.3333333333333333,0.4036363636363636,0.00013567966482608054,0.16932752781809388,1.0,0.5555555555555556,0.5555555555555556,0.4,0.4,0.5,3
0.047619047619047616,0.4782608695652174,0.5111111111111111,0.0,0.3333333333333333,0.404,0.00025781512493221957,0.3246250604741171,0.8781725888324873,0.5555555555555556,0.4444444444444444,0.7,0.8,0.8,1
0.047619047619047616,0.4782608695652174,0.5111111111111111,0.0,0.3333333333333333,0.40436363636363637,8.078999306631766e-05,0.13836477987421383,0.7461928934010152,0.5555555555555556,0.4444444444444444,0.6,0.8,0.6,3
0.047619047619047616,0.4782608695652174,0.5111111111111111,0.0,0.3333333333333333,0.5796363636363636,5.275111311977211e-05,0.08708272859216255,0.7461928934010152,0.4444444444444444,0.4,0.64,0.7,0.7,2
0.047619047619047616,0.4782608695652174,0.5111111111111111,0.0,0.3333333333333333,0.48618181818181816,0.00013045207703943647,0.23076923076923078,0.6243654822335025,0.5555555555555556,0.6666666666666666,0.4,0.4,0.5,2
0.047619047619047616,0.4782608695652174,0.5111111111111111,0.0,0.3333333333333333,0.7189090909090909,8.22156988263115e-05,0.17126269956458637,0.49238578680203043,0.4444444444444444,0.6666666666666666,0.7,0.7,0.7,3
0.047619047619047616,0.4782608695652174,0.5111111111111111,0.0,0.3333333333333333,0.5385454545454545,0.00024831041986559397,0.2481857764876633,0.37055837563451777,0.6666666666666666,0.7777777777777778,0.6,0.5,0.4,3
0.047619047619047616,0.4782608695652174,0.5111111111111111,0.0,0.3333333333333333,0.48654545454545456,0.00028300259335877745,0.4354136429608128,0.6243654822335025,0.8888888888888888,0.6666666666666666,0.7,0.7,0.7,1
0.047619047619047616,0.4782608695652174,0.5111111111111111,0.0,0.3333333333333333,0.8894545454545455,0.0002235981866923674,0.27624576681180457,0.8781725888324873,0.7777777777777778,0.6666666666666666,0.7,0.6,0.5,0
0.047619047619047616,0.4782608695652174,0.5111111111111111,0.0,0.3333333333333333,0.649090909090909,0.0004077518473582385,0.42912433478471224,1.0,1.0,0.6666666666666666,0.6,0.5,0.4,1
0.047619047619047616,0.4782608695652174,0.5111111111111111,0.0,0.3333333333333333,0.58,5.108778973311263e-05,0.12820512820512822,1.0,0.4444444444444444,0.8888888888888888,0.7,0.9,0.8,0
0.047619047619047616,0.4782608695652174,0.5111111111111111,0.0,0.3333333333333333,0.4254545454545455,5.2513495493106476e-05,0.08611514271891631,0.7461928934010152,0.3333333333333333,0.4444444444444444,0.4,0.4,0.6,2
0.047619047619047616,0.4782608695652174,0.5111111111111111,0.0,0.3333333333333333,0.8974545454545455,0.00022098439279904538,0.378326076439284,0.8781725888324873,0.7777777777777778,0.6666666666666666,0.7,0.7,0.7,0
0.047619047619047616,0.4782608695652174,0.5111111111111111,0.0,0.3333333333333333,0.4858181818181818,0.00019128218946584034,0.3430091920657959,1.0,0.7777777777777778,0.6666666666666666,0.7,0.7,0.7,0
0.047619047619047616,0.4782608695652174,0.5111111111111111,0.0,0.3333333333333333,0.6487272727272727,9.05323157596089e-05,0.14078374455732948,0.8781725888324873,0.2222222222222222,0.3333333333333333,0.4,0.4,0.6,4
0.047619047619047616,0.4782608695652174,0.5111111111111111,0.0,0.3333333333333333,0.5807272727272728,0.00017488657322591117,0.3217223028543783,1.0,0.6666666666666666,0.8888888888888888,0.5,0.8,0.6599999999999999,1
0.047619047619047616,0.4782608695652174,0.5111111111111111,0.0,0.3333333333333333,0.8825454545454545,0.00014019439973272772,0.25641025641025644,0.37055837563451777,0.7777777777777778,0.7777777777777778,0.8,0.8,0.7,0
0.047619047619047616,0.4782608695652174,0.5111111111111111,0.0,0.3333333333333333,0.8836363636363637,0.0001354420471994149,0.26995645863570394,1.0,0.7777777777777778,0.6666666666666666,0.8,0.8,0.7,0
0.047619047619047616,0.4782608695652174,0.5111111111111111,0.0,0.3333333333333333,0.6494545454545455,0.0002613793893322042,0.35074987905176586,0.6243654822335025,0.7777777777777778,0.7777777777777778,0.8,0.8,0.7,1
0.047619047619047616,0.4782608695652174,0.5111111111111111,0.0,0.3333333333333333,0.885090909090909,7.081005274636077e-05,0.15239477503628446,0.23857868020304568,0.5555555555555556,0.6666666666666666,0.6,0.6,0.6,3
0.047619047619047616,0.4782608695652174,0.5111111111111111,0.0,0.3333333333333333,0.5538181818181818,4.728590770646239e-05,0.09482341557813256,0.7461928934010152,0.3333333333333333,0.4444444444444444,0.4,0.8,0.6,2
0.047619047619047616,0.4782608695652174,0.5111111111111111,0.0,0.3333333333333333,0.4869090909090909,0.00011381884317284165,0.2235123367198839,1.0,0.2222222222222222,0.2222222222222222,0.3,0.3,0.4,4
0.047619047619047616,0.4782608695652174,0.5111111111111111,0.0,0.3333333333333333,0.6469090909090909,4.7998760586459317e-05,0.1219158200290276,0.37055837563451777,0.1111111111111111,0.4444444444444444,0.4,0.4,0.6,4
0.09523809523809523,0.4782608695652174,0.5111111111111111,0.0,0.3333333333333333,0.39745454545454545,0.0001112050492795196,0.21093372036768265,0.6243654822335025,0.3333333333333333,0.3333333333333333,0.4,0.4,0.4,4
0.09523809523809523,0.4782608695652174,0.5111111111111111,0.0,0.3333333333333333,0.4036363636363636,0.00010217557946622526,0.1446540880503145,0.8781725888324873,0.6666666666666666,0.5555555555555556,0.4,0.4,0.4,3
0.09523809523809523,0.4782608695652174,0.5111111111111111,0.0,0.3333333333333333,0.404,0.0001722727793325891,0.2689888727624577,1.0,0.5555555555555556,0.4,0.7,0.8,0.8,0
0.09523809523809523,0.4782608695652174,0.5111111111111111,0.0,0.3333333333333333,0.40436363636363637,9.599752117291863e-05,0.1446540880503145,0.8781725888324873,0.5555555555555556,0.4444444444444444,0.5,0.7,0.6,3
0.09523809523809523,0.4782608695652174,0.5111111111111111,0.0,0.3333333333333333,0.5796363636363636,4.063261415982447e-05,0.07498790517658442,0.7461928934010152,0.4444444444444444,0.3333333333333333,0.6,0.8,0.8,2
0.09523809523809523,0.4782608695652174,0.5111111111111111,0.0,0.3333333333333333,0.48618181818181816,0.00015920380986597893,0.30624092888243837,0.6243654822335025,0.7777777777777778,0.6666666666666666,0.6599999999999999,0.6599999999999999,0.6,0
0.09523809523809523,0.4782608695652174,0.5111111111111111,0.0,0.3333333333333333,0.7189090909090909,0.0003792377321583617,0.4262215771649734,1.0,1.0,0.7333333333333333,0.6599999999999999,0.5,0.4,1
0.09523809523809523,0.4782608695652174,0.5111111111111111,0.0,0.3333333333333333,0.5385454545454545,0.0002366671561589776,0.3251088534107402,0.8781725888324873,0.7777777777777778,0.7333333333333333,0.6599999999999999,0.7,0.7,0
0.09523809523809523,0.4782608695652174,0.5111111111111111,0.0,0.3333333333333333,0.48654545454545456,7.675049341300178e-05,0.17464925012094826,1.0,0.5555555555555556,0.6000000000000001,0.6,0.6,0.7,0
0.09523809523809523,0.4782608695652174,0.5111111111111111,0.0,0.3333333333333333,0.8894545454545455,0.00026114177170553855,0.3526850507982584,1.0,0.7777777777777778,0.6666666666666666,0.7,0.7,0.7,1
0.09523809523809523,0.4782608695652174,0.5111111111111111,0.0,0.3333333333333333,0.649090909090909,0.00031104147330532296,0.37203676826318344,1.0,0.9555555555555555,0.6666666666666666,0.7,0.7,0.6,1
0.09523809523809523,0.4782608695652174,0.5111111111111111,0.0,0.3333333333333333,0.58,0.0001532633691993379,0.23560716013546204,0.8781725888324873,0.6666666666666666,0.6000000000000001,0.7,0.8,0.8,1
0.09523809523809523,0.4782608695652174,0.5111111111111111,0.0,0.3333333333333333,0.8974545454545455,0.0001687085149326045,0.3328495403967102,0.8781725888324873,0.8888888888888888,0.6666666666666666,0.8,0.8,0.8,1
0.09523809523809523,0.4782608695652174,0.5111111111111111,0.0,0.3333333333333333,0.6487272727272727,6.225581818639772e-05,0.11804547653604258,0.8781725888324873,0.2222222222222222,0.4,0.5,0.6599999999999999,0.7,2
0.09523809523809523,0.4782608695652174,0.5111111111111111,0.0,0.3333333333333333,0.5807272727272728,0.0001473229285326969,0.2177068214804064,0.6243654822335025,0.5555555555555556,0.8888888888888888,0.5,0.6,0.4,3
0.09523809523809523,0.4782608695652174,0.5111111111111111,0.0,0.3333333333333333,0.8825454545454545,0.0001088288730128632,0.2293178519593614,0.7461928934010152,0.7777777777777778,0.6666666666666666,0.8,0.8,0.8,1
0.09523809523809523,0.4782608695652174,0.5111111111111111,0.0,0.3333333333333333,0.8836363636363637,6.582008258638233e-05,0.19545234639574263,1.0,0.5555555555555556,0.6666666666666666,0.9,0.8,0.8,0
0.09523809523809523,0.4782608695652174,0.5111111111111111,0.0,0.3333333333333333,0.6494545454545455,7.580002290633922e-05,0.18190614417029513,0.8781725888324873,0.7777777777777778,0.7777777777777778,0.8,0.8,0.8,1
0.09523809523809523,0.4782608695652174,0.5111111111111111,0.0,0.3333333333333333,0.5538181818181818,9.290849202626531e-05,0.16303821964199325,0.8781725888324873,0.39999999999999997,0.4444444444444444,0.5,0.8,0.6,2
0.09523809523809523,0.4782608695652174,0.5111111111111111,0.0,0.3333333333333333,0.4869090909090909,0.000131402547546099,0.2235123367198839,1.0,0.4444444444444444,0.3333333333333333,0.3,0.2,0.2,2
0.09523809523809523,0.4782608695652174,0.5111111111111111,0.0,0.3333333333333333,0.6469090909090909,6.962196461303256e-05,0.17223028543783261,0.23857868020304568,0.2222222222222222,0.3333333333333333,0.4,0.4,0.6,2
0.0,0.391304347826087,0.3333333333333333,0.0,0.3333333333333333,0.39745454545454545,0.0002713593296521611,0.4441219158200291,0.37055837563451777,0.5111111111111111,0.7111111111111111,0.5599999999999999,0.64,0.6,2
0.0,0.391304347826087,0.3333333333333333,0.0,0.3333333333333333,0.4036363636363636,0.00034264461765185313,0.35220125786163525,0.8781725888324873,0.5555555555555556,0.6666666666666666,0.6,0.6,0.4,3
0.0,0.391304347826087,0.3333333333333333,0.0,0.3333333333333333,0.404,0.00029512109231872506,0.4828253507498791,1.0,0.5555555555555556,0.4444444444444444,0.7,0.6,0.6,3
0.0,0.391304347826087,0.3333333333333333,0.0,0.3333333333333333,0.40436363636363637,0.0001905693365858434,0.405418480890179,1.0,0.3333333333333333,0.3333333333333333,0.8,0.8,0.8,2
0.0,0.391304347826087,0.3333333333333333,0.0,0.3333333333333333,0.48618181818181816,0.0001810646315192178,0.26511852926947266,0.6243654822335025,0.7777777777777778,0.8888888888888888,0.6,0.6,0.6,3
0.0,0.391304347826087,0.3333333333333333,0.0,0.3333333333333333,0.7189090909090909,0.0003592778515184479,0.4296081277213353,1.0,0.7777777777777778,0.6666666666666666,0.5,0.5,0.5,0
0.0,0.391304347826087,0.3333333333333333,0.0,0.3333333333333333,0.5385454545454545,0.00036403020405176073,0.3715529753265603,0.7461928934010152,0.7777777777777778,0.6666666666666666,0.6,0.4,0.5,0
0.0,0.391304347826087,0.3333333333333333,0.0,0.3333333333333333,0.48654545454545456,0.0003117543261853199,0.4247701983551041,0.8781725888324873,0.7777777777777778,0.6666666666666666,0.5,0.5,0.5,3
0.0,0.391304347826087,0.3333333333333333,0.0,0.3333333333333333,0.8894545454545455,0.0002523499195189098,0.386066763425254,0.8781725888324873,0.7777777777777778,0.7777777777777778,0.6,0.7,0.6,0
0.0,0.391304347826087,0.3333333333333333,0.0,0.3333333333333333,0.649090909090909,0.0004353154920514528,0.5166908563134979,0.7461928934010152,1.0,0.6666666666666666,0.5,0.5,0.4,3
0.0,0.391304347826087,0.3333333333333333,0.0,0.3333333333333333,0.58,0.0002618546245855355,0.3763909046927915,1.0,0.7777777777777778,0.6666666666666666,0.8,0.8,0.8,1
0.0,0.391304347826087,0.3333333333333333,0.0,0.3333333333333333,0.4254545454545455,0.0001905693365858434,0.3763909046927915,1.0,0.5555555555555556,0.5555555555555556,0.5599999999999999,0.6,0.5599999999999999,2
0.0,0.391304347826087,0.3333333333333333,0.0,0.3333333333333333,0.8974545454545455,0.0003046257973853507,0.5408805031446541,0.8781725888324873,0.7777777777777778,0.6666666666666666,0.7,0.6,0.5,1
0.0,0.391304347826087,0.3333333333333333,0.0,0.3333333333333333,0.4858181818181818,0.00045194872591804765,0.5166908563134979,0.6243654822335025,1.0,0.6666666666666666,0.7,0.6,0.4,1
0.0,0.391304347826087,0.3333333333333333,0.0,0.3333333333333333,0.6487272727272727,0.00024997374325225343,0.36671504596032894,0.8781725888324873,0.5555555555555556,0.4444444444444444,0.6,0.8,0.8,0
0.0,0.391304347826087,0.3333333333333333,0.0,0.3333333333333333,0.5807272727272728,0.00024284521445228427,0.4296081277213353,0.7461928934010152,0.5555555555555556,0.8888888888888888,0.6,0.8,0.6,0
0.0,0.391304347826087,0.3333333333333333,0.0,0.3333333333333333,0.8825454545454545,0.0002523499195189098,0.5360425737784228,0.7461928934010152,1.0,0.6666666666666666,0.8,0.7,0.7,0
0.0,0.391304347826087,0.3333333333333333,0.0,0.3333333333333333,0.8832727272727273,0.0003188828549852891,0.5747460087082729,0.6243654822335025,1.0,0.6666666666666666,0.6,0.4,0.5,0
0.0,0.391304347826087,0.3333333333333333,0.0,0.3333333333333333,0.8836363636363637,0.00020007404165246903,0.4102564102564103,0.7461928934010152,0.7777777777777778,0.6666666666666666,0.8,0.6,0.5,0
0.0,0.391304347826087,0.3333333333333333,0.0,0.3333333333333333,0.6494545454545455,0.0003283875600519147,0.5699080793420417,0.8781725888324873,1.0,0.6666666666666666,0.6,0.6,0.5,0
0.0,0.391304347826087,0.3333333333333333,0.0,0.3333333333333333,0.6469090909090909,0.00019532168911915622,0.20222544750846638,0.6243654822335025,0.5555555555555556,0.6666666666666666,0.6,0.8,0.8,3
0.0,0.391304347826087,0.3333333333333333,0.0,0.3333333333333333,0.5538181818181818,0.000140669634986059,0.2844702467343977,0.49238578680203043,0.4444444444444444,0.5555555555555556,0.6,0.6,0.6,2
0.0,0.391304347826087,0.3333333333333333,0.0,0.3333333333333333,0.4869090909090909,0.00012166022485280777,0.22157716497339142,1.0,0.5555555555555556,0.4444444444444444,0.6,0.6,0.6,2
0.0,0.391304347826087,0.3333333333333333,0.0,0.3333333333333333,0.5796363636363636,0.000176312278985905,0.1828737300435414,0.8781725888324873,0.6666666666666666,0.3333333333333333,0.8,0.8,0.8,3
0.047619047619047616,0.391304347826087,0.3333333333333333,0.0,0.3333333333333333,0.39745454545454545,0.0001596790451193102,0.2747943880019352,0.01015228426395939,0.6666666666666666,0.7777777777777778,0.7,0.7,0.3,4
0.047619047619047616,0.391304347826087,0.3333333333333333,0.0,0.3333333333333333,0.4036363636363636,0.0001501743400526846,0.21673923560716013,0.015228426395939087,0.5555555555555556,0.6666666666666666,0.6,0.6,0.4,4
0.047619047619047616,0.391304347826087,0.3333333333333333,0.0,0.3333333333333333,0.404,0.0001620552213859666,0.26511852926947266,0.015228426395939087,0.3333333333333333,0.6666666666666666,0.6,0.6,0.2,4
0.047619047619047616,0.391304347826087,0.3333333333333333,0.0,0.3333333333333333,0.40436363636363637,0.00014304581125271538,0.20706337687469767,0.015228426395939087,0.3333333333333333,0.6666666666666666,0.6,0.7,0.3,4
0.047619047619047616,0.391304347826087,0.3333333333333333,0.0,0.3333333333333333,0.48618181818181816,0.0001596790451193102,0.21673923560716013,0.02030456852791878,0.5555555555555556,0.5555555555555556,0.5,0.5,0.3,4
0.047619047619047616,0.391304347826087,0.3333333333333333,0.0,0.3333333333333333,0.7189090909090909,0.00045194872591804765,0.4441219158200291,0.015228426395939087,0.5555555555555556,0.5555555555555556,0.5,0.4,0.4,4
0.047619047619047616,0.391304347826087,0.3333333333333333,0.0,0.3333333333333333,0.5385454545454545,0.00035214932271847874,0.710208030962748,0.025380710659898477,0.5555555555555556,0.6666666666666666,0.6,0.6,0.6,4
0.047619047619047616,0.391304347826087,0.3333333333333333,0.0,0.3333333333333333,0.48654545454545456,0.00034264461765185313,0.5070149975810354,0.025380710659898477,0.5555555555555556,0.4444444444444444,0.4,0.4,0.6,4
0.047619047619047616,0.391304347826087,0.3333333333333333,0.0,0.3333333333333333,0.8894545454545455,0.0003165066787186327,0.4828253507498791,0.03553299492385787,0.5555555555555556,0.6666666666666666,0.5,0.4,0.6,4
0.047619047619047616,0.391304347826087,0.3333333333333333,0.0,0.3333333333333333,0.649090909090909,0.0003569016752517915,0.5312046444121916,0.025380710659898477,0.5555555555555556,0.7777777777777778,0.6,0.4,0.6,4
0.047619047619047616,0.391304347826087,0.3333333333333333,0.0,0.3333333333333333,0.58,0.0001739361027192486,0.3618771165940977,0.01015228426395939,0.5555555555555556,0.5555555555555556,0.8,0.7,0.2,4
0.047619047619047616,0.391304347826087,0.3333333333333333,0.0,0.3333333333333333,0.4254545454545455,0.00014304581125271538,0.22641509433962265,0.005076142131979695,0.5555555555555556,0.5555555555555556,0.5,0.6,0.1,4
0.047619047619047616,0.391304347826087,0.3333333333333333,0.0,0.3333333333333333,0.8974545454545455,0.0003473969701851659,0.5408805031446541,0.03553299492385787,0.5555555555555556,0.8888888888888888,0.7,0.6,0.8,4
0.047619047619047616,0.391304347826087,0.3333333333333333,0.0,0.3333333333333333,0.4858181818181818,0.00039254431925163765,0.5312046444121916,0.03553299492385787,0.5555555555555556,0.7777777777777778,0.6,0.6,0.8,4
0.047619047619047616,0.391304347826087,0.3333333333333333,0.0,0.3333333333333333,0.6487272727272727,0.00011690787231949496,0.11030478955007257,0.005076142131979695,0.1111111111111111,0.6666666666666666,0.5,0.6,0.2,4
0.047619047619047616,0.391304347826087,0.3333333333333333,0.0,0.3333333333333333,0.5807272727272728,0.00034977314645182235,0.5602322206095791,0.015228426395939087,0.7777777777777778,0.5555555555555556,0.6,0.4,0.6,4
0.047619047619047616,0.391304347826087,0.3333333333333333,0.0,0.3333333333333333,0.8825454545454545,0.00024522139071894066,0.41993226898887276,0.025380710659898477,0.5555555555555556,0.5555555555555556,0.4,0.6,0.8,4
0.047619047619047616,0.391304347826087,0.3333333333333333,0.0,0.3333333333333333,0.8832727272727273,0.00029512109231872506,0.44895984518626036,0.025380710659898477,0.5555555555555556,0.7777777777777778,0.5,0.4,0.8,4
0.047619047619047616,0.391304347826087,0.3333333333333333,0.0,0.3333333333333333,0.8836363636363637,0.00023809286191897144,0.43928398645379774,0.025380710659898477,0.5555555555555556,0.7777777777777778,0.5,0.6,0.6,4
0.047619047619047616,0.391304347826087,0.3333333333333333,0.0,0.3333333333333333,0.6494545454545455,0.00023096433311900225,0.4296081277213353,0.025380710659898477,0.5555555555555556,0.8888888888888888,0.6,0.6,0.6,4
0.047619047619047616,0.391304347826087,0.3333333333333333,0.0,0.3333333333333333,0.6469090909090909,6.225581818639772e-05,0.23125302370585393,0.0,0.5555555555555556,0.4444444444444444,0.4,0.4,0.0,4
0.047619047619047616,0.391304347826087,0.3333333333333333,0.0,0.3333333333333333,0.885090909090909,0.00034264461765185313,0.5747460087082729,0.01015228426395939,0.5555555555555556,0.8888888888888888,0.8,0.8,0.4,4
0.047619047619047616,0.391304347826087,0.3333333333333333,0.0,0.3333333333333333,0.5538181818181818,0.00014779816378602818,0.21673923560716013,0.005076142131979695,0.3333333333333333,0.4444444444444444,0.6,0.6,0.0,4
0.047619047619047616,0.391304347826087,0.3333333333333333,0.0,0.3333333333333333,0.4869090909090909,0.0001691837501859358,0.2409288824383164,0.005076142131979695,0.3333333333333333,0.4444444444444444,0.4,0.6,0.1,4
0.047619047619047616,0.391304347826087,0.3333333333333333,0.0,0.3333333333333333,0.5796363636363636,5.987964191974132e-05,0.08611514271891631,0.005076142131979695,0.2222222222222222,0.6666666666666666,0.6,0.7,0.2,4
0.09523809523809523,0.391304347826087,0.3333333333333333,0.0,0.3333333333333333,0.39745454545454545,0.00023571668565231505,0.23609095307208516,0.23857868020304568,0.5555555555555556,0.6666666666666666,0.4,0.6,0.5,2
0.09523809523809523,0.391304347826087,0.3333333333333333,0.0,0.3333333333333333,0.4036363636363636,2.4236997919895298e-05,0.03289791969037252,0.8781725888324873,0.1111111111111111,0.4444444444444444,0.6,0.6,0.6,4
0.09523809523809523,0.391304347826087,0.3333333333333333,0.0,0.3333333333333333,0.404,8.126522831964894e-05,0.10062893081761008,0.6243654822335025,0.3333333333333333,0.3333333333333333,0.6,0.6,0.6,2
0.09523809523809523,0.391304347826087,0.3333333333333333,0.0,0.3333333333333333,0.40436363636363637,6.463199445305412e-05,0.0764392839864538,1.0,0.2222222222222222,0.2222222222222222,0.4,0.6,0.6,4
0.09523809523809523,0.391304347826087,0.3333333333333333,0.0,0.3333333333333333,0.48618181818181816,0.00020957874671909463,0.3570391872278665,0.37055837563451777,0.5555555555555556,0.6666666666666666,0.4,0.3,0.2,2
0.09523809523809523,0.391304347826087,0.3333333333333333,0.0,0.3333333333333333,0.7189090909090909,0.00024759756698559704,0.33768746976294145,1.0,0.7777777777777778,0.6666666666666666,0.4,0.4,0.4,1
0.09523809523809523,0.391304347826087,0.3333333333333333,0.0,0.3333333333333333,0.5385454545454545,0.0001715599264525922,0.21673923560716013,0.8781725888324873,0.5555555555555556,0.6666666666666666,0.4,0.4,0.4,0
0.09523809523809523,0.391304347826087,0.3333333333333333,0.0,0.3333333333333333,0.48654545454545456,0.00022621198058568942,0.405418480890179,0.7461928934010152,0.5555555555555556,0.6666666666666666,0.4,0.4,0.4,3
0.09523809523809523,0.391304347826087,0.3333333333333333,0.0,0.3333333333333333,0.8894545454545455,0.0001501743400526846,0.29898403483309144,0.8781725888324873,0.6666666666666666,0.6666666666666666,0.6,0.7,0.6,0
0.09523809523809523,0.391304347826087,0.3333333333333333,0.0,0.3333333333333333,0.649090909090909,0.0002689831533855047,0.4102564102564103,0.8781725888324873,0.7777777777777778,0.6666666666666666,0.5,0.5,0.5,0
0.09523809523809523,0.391304347826087,0.3333333333333333,0.0,0.3333333333333333,0.58,0.00023334050938565864,0.40058055152394784,1.0,0.7777777777777778,0.6666666666666666,0.4,0.7,0.6,1
0.09523809523809523,0.391304347826087,0.3333333333333333,0.0,0.3333333333333333,0.4254545454545455,6.938434698636692e-05,0.08611514271891631,0.7461928934010152,0.1111111111111111,0.2222222222222222,0.6,0.6,0.6,4
0.09523809523809523,0.391304347826087,0.3333333333333333,0.0,0.3333333333333333,0.8974545454545455,0.00012166022485280777,0.21673923560716013,1.0,0.5555555555555556,0.5555555555555556,0.8,1.0,0.8,0
0.09523809523809523,0.391304347826087,0.3333333333333333,0.0,0.3333333333333333,0.4858181818181818,0.00023571668565231505,0.30865989356555396,0.6243654822335025,0.6666666666666666,0.5555555555555556,0.5,0.4,0.5,0
0.09523809523809523,0.391304347826087,0.3333333333333333,0.0,0.3333333333333333,0.6487272727272727,8.839375711961813e-05,0.10062893081761008,1.0,0.2222222222222222,0.2222222222222222,0.5,0.7,0.6,4
0.09523809523809523,0.391304347826087,0.3333333333333333,0.0,0.3333333333333333,0.5807272727272728,0.0003093781499186635,0.29898403483309144,0.37055837563451777,0.5555555555555556,0.6666666666666666,0.4,0.5,0.4,3
0.09523809523809523,0.391304347826087,0.3333333333333333,0.0,0.3333333333333333,0.8825454545454545,0.0002784878584521303,0.3425253991291727,0.7461928934010152,0.7777777777777778,0.6666666666666666,0.6,0.4,0.4,1
0.09523809523809523,0.391304347826087,0.3333333333333333,0.0,0.3333333333333333,0.8832727272727273,0.00021670727551906382,0.2893081761006289,1.0,0.7777777777777778,0.6666666666666666,0.4,0.5,0.5,1
0.09523809523809523,0.391304347826087,0.3333333333333333,0.0,0.3333333333333333,0.6494545454545455,0.00029512109231872506,0.38122883405902275,0.8781725888324873,0.7777777777777778,0.6666666666666666,0.7,0.6,0.6,1
0.09523809523809523,0.391304347826087,0.3333333333333333,0.0,0.3333333333333333,0.6469090909090909,0.00010265081471955656,0.08127721335268505,0.6243654822335025,0.3333333333333333,0.6666666666666666,0.6,0.7,0.7,2
0.09523809523809523,0.391304347826087,0.3333333333333333,0.0,0.3333333333333333,0.885090909090909,0.00012878875365277697,0.2844702467343977,0.116751269035533,0.5555555555555556,0.6666666666666666,0.8,0.8,0.8,2
0.09523809523809523,0.391304347826087,0.3333333333333333,0.0,0.3333333333333333,0.5538181818181818,0.0002666069771188483,0.3038219641993227,0.8781725888324873,0.4444444444444444,0.4444444444444444,0.5,0.6,0.6,3
0.09523809523809523,0.391304347826087,0.3333333333333333,0.0,0.3333333333333333,0.4869090909090909,0.00013354110618608978,0.20222544750846638,1.0,0.3333333333333333,0.4444444444444444,0.5,0.5,0.6,2
0.09523809523809523,0.391304347826087,0.3333333333333333,0.0,0.3333333333333333,0.5796363636363636,2.1860821653238897e-05,0.03289791969037252,0.8781725888324873,0.2222222222222222,0.2222222222222222,0.6,0.8,0.6,2
0.0,0.4782608695652174,0.5111111111111111,0.0,0.6666666666666666,0.4036363636363636,0.00012926398890610825,0.12143202709240446,0.37055837563451777,0.4444444444444444,0.6666666666666666,0.6,0.6,0.6,2
0.0,0.4782608695652174,0.5111111111111111,0.0,0.6666666666666666,0.9523636363636364,4.063261415982447e-05,0.10062893081761008,0.49238578680203043,0.1111111111111111,0.2222222222222222,0.6,0.6,0.6,4
0.0,0.4782608695652174,0.5111111111111111,0.0,0.6666666666666666,0.9527272727272728,6.486961207971977e-05,0.15578132559264635,0.49238578680203043,0.5555555555555556,0.5555555555555556,0.6,0.6,0.6,2
0.0,0.4782608695652174,0.5111111111111111,0.0,0.6666666666666666,0.8818181818181818,0.0012660267148745308,0.18819545234639573,1.0,0.4444444444444444,0.7777777777777778,0.6,0.6,0.6,2
0.0,0.4782608695652174,0.5111111111111111,0.0,0.6666666666666666,0.5385454545454545,0.0004533744316780415,0.536526366715046,1.0,0.8888888888888888,0.8888888888888888,0.8,0.6,0.54,0
0.0,0.4782608695652174,0.5111111111111111,0.0,0.6666666666666666,0.9261818181818182,0.000514442161731111,0.5660377358490566,1.0,1.0,0.8888888888888888,0.6,0.6,0.4,0
0.0,0.4782608695652174,0.5111111111111111,0.0,0.6666666666666666,0.9276363636363636,2.9464585706539385e-05,0.06337687469762943,0.116751269035533,0.1111111111111111,0.5555555555555556,0.6,0.6,0.6,4
0.0,0.4782608695652174,0.5111111111111111,0.0,0.6666666666666666,0.9563636363636364,0.00015183766343934406,0.19883889695210452,0.23857868020304568,0.3333333333333333,0.6666666666666666,0.5,0.4,0.6,4
0.0,0.4782608695652174,0.5111111111111111,0.0,0.6666666666666666,0.58,0.00027634929981213953,0.3676826318335753,0.7461928934010152,0.6222222222222222,0.7777777777777778,0.6,0.8,0.7,0
0.0,0.4782608695652174,0.5111111111111111,0.0,0.6666666666666666,0.9574545454545454,0.00014304581125271538,0.33768746976294145,0.49238578680203043,0.5111111111111111,0.8888888888888888,0.6,0.8,0.7,3
0.0,0.4782608695652174,0.5111111111111111,0.0,0.6666666666666666,0.9578181818181818,0.00016395616239929173,0.12675374939525885,0.23857868020304568,0.5555555555555556,0.7777777777777778,0.6,0.8,0.7,2
0.0,0.4782608695652174,0.5111111111111111,0.0,0.6666666666666666,0.45745454545454545,0.00021551918738573565,0.33333333333333337,1.0,0.5555555555555556,0.4444444444444444,0.6,0.7,0.6,3
0.0,0.4782608695652174,0.5111111111111111,0.0,0.6666666666666666,0.6487272727272727,7.009719986636385e-05,0.10546686018384131,0.7461928934010152,0.2888888888888889,0.4444444444444444,0.5,0.6,0.6,2
0.0,0.4782608695652174,0.5111111111111111,0.0,0.6666666666666666,0.9352727272727273,0.0003431198529051844,0.3347847121432027,0.7461928934010152,0.5555555555555556,0.8888888888888888,0.6,0.64,0.5,3
0.0,0.4782608695652174,0.5111111111111111,0.0,0.6666666666666666,0.9269090909090909,0.00025401324290556934,0.2912433478471214,0.7461928934010152,0.4444444444444444,0.6666666666666666,0.6,0.8,0.6,3
0.0,0.4782608695652174,0.5111111111111111,0.0,0.6666666666666666,0.936,5.0850172106446996e-05,0.11175616835994195,0.49238578680203043,0.1111111111111111,0.2222222222222222,0.4,0.4,0.6,4
0.0,0.4782608695652174,0.5111111111111111,0.0,0.6666666666666666,0.4869090909090909,3.6117879253177305e-05,0.10933720367682631,0.49238578680203043,0.1111111111111111,0.2222222222222222,0.6,0.6,0.6,4
0.047619047619047616,0.4782608695652174,0.5111111111111111,0.0,0.6666666666666666,0.5785454545454546,0.000164431397652623,0.33671988388969526,0.23857868020304568,0.3333333333333333,0.6666666666666666,0.6,0.8,0.8,3
0.047619047619047616,0.4782608695652174,0.5111111111111111,0.0,0.6666666666666666,0.9305454545454546,9.05323157596089e-05,0.19690372520561203,0.49238578680203043,0.4444444444444444,0.7777777777777778,0.6,0.9,0.8,3
0.047619047619047616,0.4782608695652174,0.5111111111111111,0.0,0.6666666666666666,0.4036363636363636,0.0002775373879454677,0.27527818093855827,0.7055837563451777,0.8222222222222223,0.6666666666666666,0.6,0.4,0.4,3
0.047619047619047616,0.4782608695652174,0.5111111111111111,0.0,0.6666666666666666,0.9523636363636364,7.03348174930295e-05,0.11175616835994195,1.0,0.4444444444444444,0.4444444444444444,0.6599999999999999,0.6599999999999999,0.6599999999999999,2
0.047619047619047616,0.4782608695652174,0.5111111111111111,0.0,0.6666666666666666,0.9527272727272728,5.964202429307568e-05,0.07305273343009192,0.7461928934010152,0.4444444444444444,0.4444444444444444,0.6599999999999999,0.6599999999999999,0.6599999999999999,2
0.047619047619047616,0.4782608695652174,0.5111111111111111,0.0,0.6666666666666666,0.9261818181818182,0.00011690787231949496,0.18238993710691823,0.23857868020304568,0.2222222222222222,0.6666666666666666,0.6,0.6,0.6,2
0.047619047619047616,0.4782608695652174,0.5111111111111111,0.0,0.6666666666666666,0.4254545454545455,0.00015183766343934406,0.3788098693759071,0.7461928934010152,0.3333333333333333,0.4444444444444444,0.6,0.6,0.6,2
0.047619047619047616,0.4782608695652174,0.5111111111111111,0.0,0.6666666666666666,0.58,0.0001223730777328047,0.1867440735365264,0.7461928934010152,0.48888888888888893,0.6666666666666666,0.6,0.8,0.6,2
0.047619047619047616,0.4782608695652174,0.5111111111111111,0.0,0.6666666666666666,0.9338181818181818,0.0004481468438913974,0.6898887276245769,0.7461928934010152,0.8888888888888888,0.7777777777777778,0.7,0.8,0.6,1
0.047619047619047616,0.4782608695652174,0.5111111111111111,0.0,0.6666666666666666,0.9574545454545454,0.0002468847141056001,0.428156748911466,0.7461928934010152,0.6666666666666666,0.6666666666666666,0.64,0.8,0.6,0
0.047619047619047616,0.4782608695652174,0.5111111111111111,0.0,0.6666666666666666,0.9578181818181818,0.00012546210687945801,0.15674891146589262,0.7461928934010152,0.5555555555555556,0.6666666666666666,0.6,0.8,0.6,3
0.047619047619047616,0.4782608695652174,0.5111111111111111,0.0,0.6666666666666666,0.9269090909090909,0.00040442520058491964,0.6269956458635705,0.49238578680203043,1.0,0.7777777777777778,0.8,0.8,0.7,1
0.047619047619047616,0.4782608695652174,0.5111111111111111,0.0,0.6666666666666666,0.928,0.00013686775295940873,0.25786163522012584,0.49238578680203043,0.5555555555555556,0.6666666666666666,0.8,0.8,0.8,3
0.047619047619047616,0.4782608695652174,0.5111111111111111,0.0,0.6666666666666666,0.9356363636363636,1.401943997327277e-05,0.05902273826802128,0.23857868020304568,0.1111111111111111,0.6666666666666666,0.6,0.6,0.6,4
0.047619047619047616,0.4782608695652174,0.5111111111111111,0.0,0.6666666666666666,0.936,0.00015183766343934406,0.20319303338171266,0.49238578680203043,0.3333333333333333,0.7777777777777778,0.4,0.6,0.6,4
0.047619047619047616,0.4782608695652174,0.5111111111111111,0.0,0.6666666666666666,0.4869090909090909,3.6117879253177305e-05,0.1320754716981132,0.23857868020304568,0.1111111111111111,0.4444444444444444,0.6,0.6,0.6,4
0.09523809523809523,0.4782608695652174,0.5111111111111111,0.0,0.6666666666666666,0.5785454545454546,0.00026589412423885133,0.33671988388969526,0.7461928934010152,0.5555555555555556,0.8888888888888888,0.6,0.8,0.6,1
0.09523809523809523,0.4782608695652174,0.5111111111111111,0.0,0.6666666666666666,0.4036363636363636,0.00021551918738573565,0.24770198355104017,0.23857868020304568,0.5111111111111111,0.6666666666666666,0.6,0.6,0.5,2
0.09523809523809523,0.4782608695652174,0.5111111111111111,0.0,0.6666666666666666,0.9589090909090909,0.0,0.03047895500725689,0.23857868020304568,0.2222222222222222,0.6666666666666666,0.6,0.6,0.6,4
0.09523809523809523,0.4782608695652174,0.5111111111111111,0.0,0.6666666666666666,0.4254545454545455,0.0002623298598388667,0.5079825834542816,0.005076142131979695,0.3333333333333333,0.4444444444444444,0.8,0.6,0.6,2
0.09523809523809523,0.4782608695652174,0.5111111111111111,0.0,0.6666666666666666,0.9563636363636364,0.00020149974741246287,0.2830188679245283,0.23857868020304568,0.17777777777777778,0.2222222222222222,0.4,0.4,0.6,4
0.09523809523809523,0.4782608695652174,0.5111111111111111,0.0,0.6666666666666666,0.6498181818181819,0.00035001076407848797,0.5152394775036284,0.7461928934010152,0.5555555555555556,0.4444444444444444,0.8,0.8,0.8,1
0.09523809523809523,0.4782608695652174,0.5111111111111111,0.0,0.6666666666666666,0.45745454545454545,0.0001679956620526076,0.34446057087566523,0.23857868020304568,0.3333333333333333,0.4444444444444444,0.8,0.8,0.8,3
0.09523809523809523,0.4782608695652174,0.5111111111111111,0.0,0.6666666666666666,0.9345454545454546,0.00013876869397273385,0.34446057087566523,0.23857868020304568,0.5555555555555556,0.4444444444444444,0.8,0.8,0.8,3
0.09523809523809523,0.4782608695652174,0.5111111111111111,0.0,0.6666666666666666,0.928,0.00044078069746476253,0.5989356555394292,0.49238578680203043,1.0,0.8888888888888888,0.8,0.8,0.6,1
0.09523809523809523,0.4782608695652174,0.5111111111111111,0.0,0.6666666666666666,0.9356363636363636,0.00034882267594515975,0.6269956458635705,0.23857868020304568,0.5555555555555556,0.8888888888888888,0.8,0.8,0.6,1
0.09523809523809523,0.4782608695652174,0.5111111111111111,0.0,0.6666666666666666,0.936,0.00010122510895956271,0.1456216739235607,0.49238578680203043,0.3333333333333333,0.3333333333333333,0.6,0.6,0.6,2
0.09523809523809523,0.4782608695652174,0.5111111111111111,0.0,0.6666666666666666,0.4869090909090909,0.00016633233866594812,0.2389937106918239,0.37055837563451777,0.3333333333333333,0.4444444444444444,0.6,0.6,0.6,2
0.0,0.34782608695652173,0.8888888888888888,0.0,1.0,0.5785454545454546,0.0005622033046909046,0.8118045476536042,0.37055837563451777,0.6666666666666666,0.7777777777777778,0.6,0.6599999999999999,0.5,0
0.0,0.34782608695652173,0.8888888888888888,0.0,1.0,0.9305454545454546,0.0004671562540246486,0.652152878567973,0.6243654822335025,0.5555555555555556,0.7777777777777778,0.6,0.74,0.5,0
0.0,0.34782608695652173,0.8888888888888888,0.0,1.0,0.9312727272727273,0.00039967284805160675,0.6298984034833092,0.6243654822335025,0.6666666666666666,0.8888888888888888,0.74,0.8,0.7,0
0.0,0.34782608695652173,0.8888888888888888,0.0,1.0,0.45490909090909093,0.0003987223775449442,0.702467343976778,0.49238578680203043,0.6666666666666666,0.7777777777777778,0.5,0.5,0.5,3
0.0,0.34782608695652173,0.8888888888888888,0.0,1.0,0.9261818181818182,0.0009614009174891802,0.748911465892598,0.49238578680203043,0.6222222222222222,0.6666666666666666,0.4,0.3,0.3,0
0.0,0.34782608695652173,0.8888888888888888,0.0,1.0,0.58,0.0003431198529051844,0.42573778422835035,1.0,0.6666666666666666,0.8888888888888888,0.54,0.8,0.5,0
0.0,0.34782608695652173,0.8888888888888888,0.0,1.0,0.9338181818181818,0.0004098904059982293,0.5166908563134979,0.49238578680203043,0.5555555555555556,0.6666666666666666,0.6,0.8,0.5,0
0.0,0.34782608695652173,0.8888888888888888,0.0,1.0,0.9258181818181819,0.00048046284111792446,0.4407353652636672,0.116751269035533,0.5555555555555556,0.6666666666666666,0.6,0.5,0.6,3
0.0,0.34782608695652173,0.8888888888888888,0.0,1.0,0.9334545454545454,0.0005776484504241713,0.7542331881954524,0.6243654822335025,0.5555555555555556,0.5555555555555556,0.54,0.6,0.4,3
0.0,0.34782608695652173,0.8888888888888888,0.0,1.0,0.5530909090909091,0.00044078069746476253,0.46153846153846156,0.37055837563451777,0.6666666666666666,0.6666666666666666,0.5,0.5,0.4,0
0.0,0.34782608695652173,0.8888888888888888,0.0,1.0,0.9341818181818182,0.00040418758295825396,0.5360425737784228,0.49238578680203043,0.5555555555555556,0.6000000000000001,0.6,0.7,0.54,3
0.0,0.34782608695652173,0.8888888888888888,0.0,1.0,0.9345454545454546,0.00044600828525140666,0.7827769714562168,0.49238578680203043,0.4444444444444444,0.4444444444444444,0.64,0.8,0.8,3
0.0,0.34782608695652173,0.8888888888888888,0.0,1.0,0.9352727272727273,0.0005018484275178321,0.7885824866956943,0.8781725888324873,0.5555555555555556,0.7777777777777778,0.6,0.6599999999999999,0.45999999999999996,0
0.0,0.34782608695652173,0.8888888888888888,0.0,1.0,0.9269090909090909,0.00017251039695925476,0.10740203193033382,0.37055837563451777,0.3333333333333333,0.5111111111111111,0.3,0.4,0.4,2
0.0,0.34782608695652173,0.8888888888888888,0.0,1.0,0.928,0.0005938064490374348,0.7890662796323173,0.49238578680203043,0.7111111111111111,0.6666666666666666,0.54,0.6,0.4,3
0.0,0.34782608695652173,0.8888888888888888,0.0,1.0,0.936,0.00014946148717268767,0.40058055152394784,0.49238578680203043,0.2222222222222222,0.6666666666666666,0.4,0.4,0.4,4
0.0,0.34782608695652173,0.8888888888888888,0.0,1.0,0.9276363636363636,0.0007435055538367882,0.9385582970488631,0.23857868020304568,0.7111111111111111,0.7777777777777778,0.5,0.5,0.3,3
0.0,0.34782608695652173,0.8888888888888888,0.0,1.0,0.9356363636363636,0.00034525841154517514,0.6976294146105466,0.7461928934010152,0.7111111111111111,0.6666666666666666,0.6599999999999999,0.7,0.7,0
0.0,0.34782608695652173,0.8888888888888888,0.0,1.0,0.9574545454545454,0.0005023236627711633,0.6594097726173198,0.37055837563451777,0.5555555555555556,0.6666666666666666,0.6,0.8,0.45999999999999996,0
0.047619047619047616,0.34782608695652173,0.8888888888888888,0.0,1.0,0.5785454545454546,0.0005790741561841652,0.8984034833091438,0.49238578680203043,0.6666666666666666,0.6666666666666666,0.54,0.6,0.54,0
0.047619047619047616,0.34782608695652173,0.8888888888888888,0.0,1.0,0.9305454545454546,0.00039848475991827864,0.7252056119980648,0.37055837563451777,0.5555555555555556,0.6666666666666666,0.5,0.7,0.5,0
0.047619047619047616,0.34782608695652173,0.8888888888888888,0.0,1.0,0.9312727272727273,0.000433176933411462,0.8693759071117562,0.7461928934010152,0.5555555555555556,0.6666666666666666,0.7,0.8,0.6,1
0.047619047619047616,0.34782608695652173,0.8888888888888888,0.0,1.0,0.45490909090909093,0.0003509612345851505,0.5200774068698597,0.7461928934010152,0.5333333333333333,0.6000000000000001,0.5,0.6,0.5,3
0.047619047619047616,0.34782608695652173,0.8888888888888888,0.0,1.0,0.9261818181818182,0.0005232340139177397,0.555878084179971,0.6243654822335025,0.6666666666666666,0.6666666666666666,0.4,0.4,0.3,3
0.047619047619047616,0.34782608695652173,0.8888888888888888,0.0,1.0,0.58,0.000495907986851191,0.756652152878568,0.7461928934010152,0.5555555555555556,0.7111111111111111,0.6599999999999999,0.7,0.6,0
0.047619047619047616,0.34782608695652173,0.8888888888888888,0.0,1.0,0.9338181818181818,0.00034620888205183774,0.7111756168359942,0.7461928934010152,0.5555555555555556,0.6666666666666666,0.62,0.6799999999999999,0.6,0
0.047619047619047616,0.34782608695652173,0.8888888888888888,0.0,1.0,0.9334545454545454,0.0004723838418112927,0.8776003870343494,0.49238578680203043,0.5555555555555556,0.48888888888888893,0.6599999999999999,0.6599999999999999,0.6,0
0.047619047619047616,0.34782608695652173,0.8888888888888888,0.0,1.0,0.5530909090909091,0.00048046284111792446,0.6913401064344461,0.23857868020304568,0.6666666666666666,0.6222222222222222,0.6599999999999999,0.64,0.7,0
0.047619047619047616,0.34782608695652173,0.8888888888888888,0.0,1.0,0.9341818181818182,0.000532263483731034,0.9085631349782293,0.49238578680203043,0.7777777777777778,0.6000000000000001,0.7,0.6599999999999999,0.7,1
0.047619047619047616,0.34782608695652173,0.8888888888888888,0.0,1.0,0.6498181818181819,0.00038993052535831553,0.745041122399613,0.23857868020304568,0.5555555555555556,0.6000000000000001,0.64,0.74,0.64,3
0.047619047619047616,0.34782608695652173,0.8888888888888888,0.0,1.0,0.9345454545454546,0.0004536120493047072,0.9201741654571843,0.49238578680203043,0.5555555555555556,0.4444444444444444,0.6599999999999999,0.74,0.8,0
0.047619047619047616,0.34782608695652173,0.8888888888888888,0.0,1.0,0.9996363636363637,0.0006864773234370344,0.6555394291243348,0.8781725888324873,0.7777777777777778,0.8888888888888888,0.6,0.6,0.33999999999999997,1
0.047619047619047616,0.34782608695652173,0.8888888888888888,0.0,1.0,0.9352727272727273,0.0005396296301576688,0.8040638606676342,0.7461928934010152,0.5555555555555556,0.6666666666666666,0.6,0.7,0.5,1
0.047619047619047616,0.34782608695652173,0.8888888888888888,0.0,1.0,0.9269090909090909,0.0005695694511175395,0.7189163038219643,0.116751269035533,0.5555555555555556,0.6000000000000001,0.8,0.6599999999999999,0.6,3
0.047619047619047616,0.34782608695652173,0.8888888888888888,0.0,1.0,0.928,0.0005453324531976443,0.9646831156265119,0.49238578680203043,0.8888888888888888,0.7777777777777778,0.6599999999999999,0.64,0.5599999999999999,0
0.047619047619047616,0.34782608695652173,0.8888888888888888,0.0,1.0,0.936,7.223575850635461e-05,0.23754233188195456,0.23857868020304568,0.1111111111111111,0.6666666666666666,0.5,0.5,0.6,4
0.047619047619047616,0.34782608695652173,0.8888888888888888,0.0,1.0,0.9276363636363636,0.0007401789070634691,0.8592162554426706,0.6243654822335025,0.7333333333333333,0.7111111111111111,0.6,0.6,0.4,0
0.047619047619047616,0.34782608695652173,0.8888888888888888,0.0,1.0,0.8934545454545455,0.00043484025679812154,0.45524915336236094,0.6243654822335025,0.6666666666666666,0.6666666666666666,0.4,0.4,0.3,3
0.047619047619047616,0.34782608695652173,0.8888888888888888,0.0,1.0,0.9356363636363636,0.0005660051867175549,0.9293662312530236,0.7461928934010152,0.8888888888888888,0.7777777777777778,0.6599999999999999,0.64,0.5599999999999999,0
0.09523809523809523,0.34782608695652173,0.8888888888888888,0.0,1.0,0.5785454545454546,0.0004234346107181708,0.6318335752298017,0.49238578680203043,0.6666666666666666,0.7111111111111111,0.4,0.5,0.3,0
0.09523809523809523,0.34782608695652173,0.8888888888888888,0.0,1.0,0.9305454545454546,0.000427949345624818,0.3454281567489115,0.116751269035533,0.4444444444444444,0.7777777777777778,0.4,0.4,0.4,3
0.09523809523809523,0.34782608695652173,0.8888888888888888,0.0,1.0,0.9312727272727273,0.00033955558850519977,0.698597000483793,0.37055837563451777,0.6666666666666666,0.7777777777777778,0.6599999999999999,0.6599999999999999,0.6,0
0.09523809523809523,0.34782608695652173,0.8888888888888888,0.0,1.0,0.9261818181818182,0.0009725689459424652,0.652152878567973,0.23857868020304568,0.5555555555555556,0.6666666666666666,0.3,0.3,0.2,3
0.09523809523809523,0.34782608695652173,0.8888888888888888,0.0,1.0,0.58,0.00043864213882477177,0.6594097726173198,0.49238578680203043,0.6666666666666666,0.8888888888888888,0.5,0.5,0.4,0
0.09523809523809523,0.34782608695652173,0.8888888888888888,0.0,1.0,0.9338181818181818,0.00035571358711846334,0.5684567005321722,0.6243654822335025,0.5555555555555556,0.6666666666666666,0.5,0.6,0.4,0
0.09523809523809523,0.34782608695652173,0.8888888888888888,0.0,1.0,0.9258181818181819,0.0005897669493841189,0.8529269472665699,0.116751269035533,0.7111111111111111,0.6000000000000001,0.4,0.5,0.45999999999999996,3
0.09523809523809523,0.34782608695652173,0.8888888888888888,0.0,1.0,0.9334545454545454,0.0011203671097284934,0.8432510885341075,0.116751269035533,0.6666666666666666,0.6000000000000001,0.4,0.4,0.4,0
0.09523809523809523,0.34782608695652173,0.8888888888888888,0.0,1.0,0.5530909090909091,0.0005018484275178321,0.7842283502660861,0.23857868020304568,0.6222222222222222,0.6666666666666666,0.6,0.6,0.6,0
0.09523809523809523,0.34782608695652173,0.8888888888888888,0.0,1.0,0.9341818181818182,0.0008100384893031674,0.6913401064344461,0.116751269035533,0.7777777777777778,0.6666666666666666,0.5,0.5,0.4,3
0.09523809523809523,0.34782608695652173,0.8888888888888888,0.0,1.0,0.6498181818181819,0.0001620552213859666,0.5931301402999517,0.23857868020304568,0.1111111111111111,0.4444444444444444,0.64,0.6,0.6,4
0.09523809523809523,0.34782608695652173,0.8888888888888888,0.0,1.0,0.9345454545454546,0.0005096898091977982,0.8814707305273344,0.49238578680203043,0.7777777777777778,0.5555555555555556,0.6599999999999999,0.6599999999999999,0.6,1
0.09523809523809523,0.34782608695652173,0.8888888888888888,0.0,1.0,0.9996363636363637,0.0007644159049833645,0.7377842283502661,0.49238578680203043,0.7777777777777778,0.8888888888888888,0.4,0.4,0.4,1
0.09523809523809523,0.34782608695652173,0.8888888888888888,0.0,1.0,0.9352727272727273,0.000637290474717247,0.8118045476536042,0.37055837563451777,0.5555555555555556,0.7333333333333333,0.5,0.6,0.4,0
0.09523809523809523,0.34782608695652173,0.8888888888888888,0.0,1.0,0.9269090909090909,0.0005351148952510217,0.8451862602806,0.6243654822335025,0.7777777777777778,0.7777777777777778,0.6599999999999999,0.6599999999999999,0.6,0
0.09523809523809523,0.34782608695652173,0.8888888888888888,0.0,1.0,0.928,0.000469532430291305,0.8384131591678762,0.7461928934010152,0.6666666666666666,0.6666666666666666,0.6599999999999999,0.6599999999999999,0.6,0
0.09523809523809523,0.34782608695652173,0.8888888888888888,0.0,1.0,0.936,0.00010930410826619447,0.1790033865505564,0.37055837563451777,0.1111111111111111,0.4444444444444444,0.4,0.4,0.4,4
0.09523809523809523,0.34782608695652173,0.8888888888888888,0.0,1.0,0.9276363636363636,0.00034383270578518135,0.38364779874213845,0.23857868020304568,0.7777777777777778,0.8888888888888888,0.4,0.3,0.2,3
0.09523809523809523,0.34782608695652173,0.8888888888888888,0.0,1.0,0.9356363636363636,0.0005108778973311264,1.0,0.49238578680203043,0.6666666666666666,0.6666666666666666,0.6599999999999999,0.6599999999999999,0.6,0
0.09523809523809523,0.34782608695652173,0.8888888888888888,0.0,1.0,0.9574545454545454,0.0006106773005306953,0.918722786647315,0.23857868020304568,0.5777777777777778,0.6666666666666666,0.6,0.6,0.4,0
0.0,0.4782608695652174,0.5111111111111111,0.0,1.0,0.9312727272727273,0.00039991046567827243,0.5476536042573779,0.49238578680203043,0.6666666666666666,0.7333333333333333,0.6,0.7,0.6,0
0.0,0.4782608695652174,0.5111111111111111,0.0,1.0,0.45490909090909093,0.00029417062181206257,0.48814707305273347,0.8781725888324873,0.7777777777777778,0.8888888888888888,0.5,0.4,0.4,3
0.0,0.4782608695652174,0.5111111111111111,0.0,1.0,0.0,0.00014708531090603126,0.2936623125302371,0.7461928934010152,0.5555555555555556,0.6666666666666666,0.54,0.6,0.6,3
0.0,0.4782608695652174,0.5111111111111111,0.0,1.0,0.9261818181818182,5.631537751975672e-05,0.16013546202225448,0.116751269035533,0.1111111111111111,0.4444444444444444,0.6,0.6,0.6,4
0.0,0.4782608695652174,0.5111111111111111,0.0,1.0,0.58,0.0001687085149326045,0.26318335752298017,0.49238578680203043,0.5555555555555556,0.7777777777777778,0.7,0.8,0.8,3
0.0,0.4782608695652174,0.5111111111111111,0.0,1.0,0.9338181818181818,0.00038280199655834637,0.5104015481373972,0.7461928934010152,0.5555555555555556,0.8444444444444444,0.6799999999999999,0.8,0.7,3
0.0,0.4782608695652174,0.5111111111111111,0.0,1.0,0.8934545454545455,0.00018724268981252446,0.28688921141751333,0.116751269035533,0.3333333333333333,0.6666666666666666,0.6,0.6,0.6,2
0.0,0.4782608695652174,0.5111111111111111,0.0,1.0,0.6498181818181819,0.00011334360791951035,0.23125302370585393,0.23857868020304568,0.3333333333333333,0.4,0.4,0.5,0.6,2
0.0,0.4782608695652174,0.5111111111111111,0.0,1.0,0.9345454545454546,0.0003383675003718716,0.6342525399129173,0.49238578680203043,0.5555555555555556,0.37777777777777777,0.8,0.8,0.7,0
0.0,0.4782608695652174,0.5111111111111111,0.0,1.0,0.9996363636363637,0.00020458877655911618,0.32365747460087085,0.49238578680203043,0.5111111111111111,0.6666666666666666,0.6,0.8,0.6,4
0.0,0.4782608695652174,0.5111111111111111,0.0,1.0,0.9352727272727273,0.00010954172589286013,0.16061925495887763,0.116751269035533,0.2222222222222222,0.5555555555555556,0.6,0.6,0.6,4
0.0,0.4782608695652174,0.5111111111111111,0.0,1.0,0.928,0.00021742012839906077,0.47992259313014024,0.7461928934010152,0.5555555555555556,0.6666666666666666,0.7,0.8,0.7,0
0.0,0.4782608695652174,0.5111111111111111,0.0,1.0,0.936,0.00030795244415866965,0.37203676826318344,0.8781725888324873,0.48888888888888893,0.4444444444444444,0.5,0.6,0.6,3
0.0,0.4782608695652174,0.5111111111111111,0.0,1.0,0.9276363636363636,0.0001235611658661329,0.2946298984034833,0.116751269035533,0.2222222222222222,0.6666666666666666,0.8,0.8,0.8,4
0.047619047619047616,0.4782608695652174,0.5111111111111111,0.0,1.0,0.45490909090909093,0.00011358122554617601,0.16884373488147075,0.6243654822335025,0.5555555555555556,0.6666666666666666,0.4,0.4,0.6,2
0.047619047619047616,0.4782608695652174,0.5111111111111111,0.0,1.0,0.0,0.0002685079181321734,0.42041606192549597,0.6243654822335025,0.5555555555555556,0.8888888888888888,0.5,0.5,0.5,3
0.047619047619047616,0.4782608695652174,0.5111111111111111,0.0,1.0,0.5385454545454545,0.000319595707865286,0.4247701983551041,0.6243654822335025,0.6666666666666666,0.8888888888888888,0.7,0.6,0.6,0
0.047619047619047616,0.4782608695652174,0.5111111111111111,0.0,1.0,0.9261818181818182,0.0005477086294643006,0.5176584421867441,0.8781725888324873,0.8888888888888888,0.8888888888888888,0.6,0.5,0.4,0
0.047619047619047616,0.4782608695652174,0.5111111111111111,0.0,1.0,0.9276363636363636,0.00023310289175899302,0.3647798742138365,0.37055837563451777,0.5555555555555556,0.7777777777777778,0.6,0.8,0.6,3
0.047619047619047616,0.4782608695652174,0.5111111111111111,0.0,1.0,0.58,0.0001722727793325891,0.2743105950653121,1.0,0.5555555555555556,0.6666666666666666,0.7,0.9,0.7,0
0.047619047619047616,0.4782608695652174,0.5111111111111111,0.0,1.0,0.9338181818181818,0.0002530627723989068,0.4460570875665215,0.49238578680203043,0.5555555555555556,0.7777777777777778,0.6599999999999999,0.8,0.7,0
0.047619047619047616,0.4782608695652174,0.5111111111111111,0.0,1.0,0.9258181818181819,0.00020316307079912236,0.33333333333333337,0.7461928934010152,0.5111111111111111,0.4444444444444444,0.6599999999999999,0.6599999999999999,0.6,3
0.047619047619047616,0.4782608695652174,0.5111111111111111,0.0,1.0,0.9334545454545454,0.0002632803303455293,0.3604257377842284,0.7461928934010152,0.5555555555555556,0.5555555555555556,0.5,0.5,0.5,2
0.047619047619047616,0.4782608695652174,0.5111111111111111,0.0,1.0,0.9341818181818182,7.675049341300178e-05,0.18432510885341075,0.116751269035533,0.3333333333333333,0.5555555555555556,0.6,0.8,0.6,4
0.047619047619047616,0.4782608695652174,0.5111111111111111,0.0,1.0,0.6498181818181819,0.0003702082623450674,0.47701983551040156,0.116751269035533,0.6666666666666666,0.5555555555555556,0.6,0.8,0.6,0
0.047619047619047616,0.4782608695652174,0.5111111111111111,0.0,1.0,0.9345454545454546,0.00019603454199915315,0.3284954039671021,0.6243654822335025,0.6666666666666666,0.5555555555555556,0.7,0.8,0.8,0
0.047619047619047616,0.4782608695652174,0.5111111111111111,0.0,1.0,0.9996363636363637,1.900941013325121e-05,0.019835510401548136,0.116751269035533,0.1111111111111111,0.2222222222222222,0.6,0.6,0.6,4
0.047619047619047616,0.4782608695652174,0.5111111111111111,0.0,1.0,0.9352727272727273,2.1385586399907615e-05,0.08901790033865506,0.116751269035533,0.1111111111111111,0.6666666666666666,0.6,0.6,0.6,4
0.047619047619047616,0.4782608695652174,0.5111111111111111,0.0,1.0,0.9269090909090909,0.00020363830605245363,0.3531688437348815,0.23857868020304568,0.5555555555555556,0.7777777777777778,0.7,0.8,0.8,3
0.047619047619047616,0.4782608695652174,0.5111111111111111,0.0,1.0,0.928,0.00010003702082623451,0.15674891146589262,0.37055837563451777,0.3333333333333333,0.7777777777777778,0.7,0.8,0.7,2
0.047619047619047616,0.4782608695652174,0.5111111111111111,0.0,1.0,0.936,0.0001454219875193718,0.27624576681180457,0.7461928934010152,0.48888888888888893,0.6000000000000001,0.6,0.7,0.7,2
0.09523809523809523,0.4782608695652174,0.5111111111111111,0.0,1.0,0.5785454545454546,0.0003599907043984449,0.4620222544750847,0.7461928934010152,0.5555555555555556,0.8888888888888888,0.6,0.8,0.6,1
0.09523809523809523,0.4782608695652174,0.5111111111111111,0.0,1.0,0.9305454545454546,0.0002982101214653784,0.5016932752781811,0.8781725888324873,0.5555555555555556,0.8888888888888888,0.6,0.8,0.8,1
0.09523809523809523,0.4782608695652174,0.5111111111111111,0.0,1.0,0.9312727272727273,0.0002224100985590392,0.30672472181906146,0.49238578680203043,0.5555555555555556,0.8888888888888888,0.6,0.8,0.6,3
0.09523809523809523,0.4782608695652174,0.5111111111111111,0.0,1.0,0.45490909090909093,0.00012546210687945801,0.21722302854378328,0.49238578680203043,0.5555555555555556,0.8888888888888888,0.5,0.5,0.6,2
0.09523809523809523,0.4782608695652174,0.5111111111111111,0.0,1.0,0.0,0.00020292545317245669,0.4136429608127722,0.49238578680203043,0.5555555555555556,0.8888888888888888,0.6,0.6,0.6,3
0.09523809523809523,0.4782608695652174,0.5111111111111111,0.0,1.0,0.5385454545454545,0.00015112481055934717,0.19593613933236576,0.37055837563451777,0.4444444444444444,0.6666666666666666,0.6,0.8,0.7,2
0.09523809523809523,0.4782608695652174,0.5111111111111111,0.0,1.0,0.9261818181818182,0.00037234682098505816,0.5887760038703435,0.116751269035533,0.5555555555555556,0.8888888888888888,0.8,0.7,0.6,3
0.09523809523809523,0.4782608695652174,0.5111111111111111,0.0,1.0,0.9276363636363636,2.399938029322966e-05,0.08563134978229318,0.37055837563451777,0.4444444444444444,0.6666666666666666,0.6,0.6,0.6,2
0.09523809523809523,0.4782608695652174,0.5111111111111111,0.0,1.0,0.9338181818181818,0.00011263075503951344,0.23173681664247706,0.49238578680203043,0.5555555555555556,0.8888888888888888,0.7,0.8,0.7,3
0.09523809523809523,0.4782608695652174,0.5111111111111111,0.0,1.0,0.9258181818181819,0.000573846568397521,0.6323173681664248,0.8781725888324873,0.8888888888888888,0.6666666666666666,0.6,0.6,0.5599999999999999,1
0.09523809523809523,0.4782608695652174,0.5111111111111111,0.0,1.0,0.9334545454545454,0.00020316307079912236,0.28543783260764394,0.116751269035533,0.5111111111111111,0.5555555555555556,0.6,0.6,0.5,2
0.09523809523809523,0.4782608695652174,0.5111111111111111,0.0,1.0,0.5530909090909091,1.9722263013248132e-05,0.0822447992259313,0.116751269035533,0.1111111111111111,0.6666666666666666,0.6,0.6,0.6,4
0.09523809523809523,0.4782608695652174,0.5111111111111111,0.0,1.0,0.8934545454545455,3.635549687984294e-05,0.09579100145137882,0.37055837563451777,0.17777777777777778,0.6666666666666666,0.6,0.6,0.6,4
0.09523809523809523,0.4782608695652174,0.5111111111111111,0.0,1.0,0.9341818181818182,0.0004954327515978598,0.6279632317368167,0.37055837563451777,0.7777777777777778,0.7777777777777778,0.6,0.7,0.6,0
0.09523809523809523,0.4782608695652174,0.5111111111111111,0.0,1.0,0.9345454545454546,0.000194133600985828,0.29753265602322204,0.37055837563451777,0.6666666666666666,0.5555555555555556,0.6,0.8,0.6599999999999999,2
0.09523809523809523,0.4782608695652174,0.5111111111111111,0.0,1.0,0.9996363636363637,6.62953178397136e-05,0.12385099177552009,0.49238578680203043,0.3333333333333333,0.5555555555555556,0.6,0.8,0.6,2
0.09523809523809523,0.4782608695652174,0.5111111111111111,0.0,1.0,0.928,0.00017940130813255835,0.3323657474600871,0.8781725888324873,0.5555555555555556,0.6666666666666666,0.7,0.8,0.8,3
0.09523809523809523,0.4782608695652174,0.5111111111111111,0.0,1.0,0.936,4.871161346645623e-05,0.1683599419448476,0.37055837563451777,0.3333333333333333,0.3333333333333333,0.6,0.6,0.6,4
0.0,0.6521739130434783,0.4444444444444444,1.0,1.0,0.5785454545454546,0.000546758158957638,0.4233188195452347,0.7461928934010152,0.5555555555555556,0.8888888888888888,0.6,0.8,0.6,0
0.0,0.6521739130434783,0.4444444444444444,1.0,1.0,0.9305454545454546,0.0004785619001045993,0.3652636671504596,1.0,0.6666666666666666,0.7777777777777778,0.5,0.8,0.8,1
0.0,0.6521739130434783,0.4444444444444444,1.0,1.0,0.9312727272727273,0.0004528991964247102,0.47895500725689405,1.0,0.7777777777777778,0.6666666666666666,0.6,0.6,0.6,0
0.0,0.6521739130434783,0.4444444444444444,1.0,1.0,0.45490909090909093,0.00032197188413194246,0.3739719400096759,1.0,0.5555555555555556,0.5555555555555556,0.3,0.4,0.4,2
0.0,0.6521739130434783,0.4444444444444444,1.0,1.0,0.5385454545454545,0.000523709249171071,0.37300435413642963,0.8781725888324873,0.3333333333333333,0.6666666666666666,0.6,0.6,0.6,2
0.0,0.6521739130434783,0.4444444444444444,1.0,1.0,0.9261818181818182,0.00036593114506508587,0.24770198355104017,0.6243654822335025,0.6666666666666666,0.8888888888888888,0.5599999999999999,0.5599999999999999,0.5,3
0.0,0.6521739130434783,0.4444444444444444,1.0,1.0,0.58,0.00037068349759839864,0.3168843734881471,0.8781725888324873,0.6666666666666666,0.6666666666666666,0.5,0.8,0.6,1
0.0,0.6521739130434783,0.4444444444444444,1.0,1.0,0.9338181818181818,0.0004243850812248334,0.3686502177068215,1.0,0.6666666666666666,0.7777777777777778,0.5599999999999999,0.8,0.5599999999999999,0
0.0,0.6521739130434783,0.4444444444444444,1.0,1.0,0.9258181818181819,0.0004911556343178782,0.41122399612965654,1.0,0.6666666666666666,0.5555555555555556,0.6,0.6,0.4,0
0.0,0.6521739130434783,0.4444444444444444,1.0,1.0,0.9334545454545454,0.000383039614185012,0.3154329946782777,1.0,0.6666666666666666,0.6222222222222222,0.6,0.6,0.4,0
0.0,0.6521739130434783,0.4444444444444444,1.0,1.0,0.5530909090909091,0.0003599907043984449,0.3231736816642477,0.8781725888324873,0.6666666666666666,0.6222222222222222,0.6,0.7,0.7,1
0.0,0.6521739130434783,0.4444444444444444,1.0,1.0,0.9341818181818182,0.0003794753497850274,0.3430091920657959,1.0,0.6666666666666666,0.6666666666666666,0.7,0.6599999999999999,0.6,0
0.0,0.6521739130434783,0.4444444444444444,1.0,1.0,0.9345454545454546,0.00031104147330532296,0.19932268988872764,0.6243654822335025,0.4444444444444444,0.4444444444444444,0.5,0.6599999999999999,0.6,0
0.0,0.6521739130434783,0.4444444444444444,1.0,1.0,0.9996363636363637,0.0002903687397854123,0.29656507014997585,0.49238578680203043,0.39999999999999997,1.0,0.5,0.6,0.6,3
0.0,0.6521739130434783,0.4444444444444444,1.0,1.0,0.928,0.00048093807637125576,0.4958877600387035,0.8781725888324873,0.4444444444444444,0.7333333333333333,0.6599999999999999,0.6,0.45999999999999996,3
0.0,0.6521739130434783,0.4444444444444444,1.0,1.0,0.936,0.0001442338993860436,0.19158200290275765,0.8781725888324873,0.4444444444444444,0.5555555555555556,0.5,0.6,0.6,3
0.0,0.6521739130434783,0.4444444444444444,1.0,1.0,0.9276363636363636,0.00043484025679812154,0.4097726173197871,0.7461928934010152,0.5555555555555556,0.6666666666666666,0.6,0.6599999999999999,0.6,0
0.047619047619047616,0.6521739130434783,0.4444444444444444,1.0,1.0,0.5785454545454546,0.0005636290104508986,0.4533139816158685,0.49238578680203043,0.6666666666666666,0.6666666666666666,0.6,0.8,0.5,0
0.047619047619047616,0.6521739130434783,0.4444444444444444,1.0,1.0,0.9305454545454546,0.00037828726165169916,0.28834059022738273,0.7461928934010152,0.5555555555555556,0.7777777777777778,0.5,0.8,0.6,0
0.047619047619047616,0.6521739130434783,0.4444444444444444,1.0,1.0,0.9312727272727273,0.00040490043583825094,0.4247701983551041,0.8781725888324873,0.6222222222222222,0.7333333333333333,0.6,0.7,0.6599999999999999,0
0.047619047619047616,0.6521739130434783,0.4444444444444444,1.0,1.0,0.45490909090909093,0.00028371544623877437,0.3923560716013546,1.0,0.5555555555555556,0.6222222222222222,0.4,0.5599999999999999,0.4,2
0.047619047619047616,0.6521739130434783,0.4444444444444444,1.0,1.0,0.5385454545454545,0.0005042246037844885,0.35800677310111273,1.0,0.3333333333333333,0.6666666666666666,0.6,0.6,0.6,4
0.047619047619047616,0.6521739130434783,0.4444444444444444,1.0,1.0,0.9261818181818182,0.0003117543261853199,0.204644412191582,0.8781725888324873,0.7777777777777778,0.6666666666666666,0.4,0.6,0.3,0
0.047619047619047616,0.6521739130434783,0.4444444444444444,1.0,1.0,0.58,0.0002468847141056001,0.19738751814223515,0.49238578680203043,0.6222222222222222,0.6666666666666666,0.6599999999999999,0.8,0.7,0
0.047619047619047616,0.6521739130434783,0.4444444444444444,1.0,1.0,0.9338181818181818,0.0004818885468779183,0.4242864054184809,0.23857868020304568,0.2222222222222222,0.6666666666666666,0.6,0.6,0.6,4
0.047619047619047616,0.6521739130434783,0.4444444444444444,1.0,1.0,0.9258181818181819,0.00046881957741130804,0.3942912433478471,1.0,0.7777777777777778,0.5555555555555556,0.5599999999999999,0.5,0.5,0
0.047619047619047616,0.6521739130434783,0.4444444444444444,1.0,1.0,0.9334545454545454,0.0004683443421579768,0.3942912433478471,0.8781725888324873,0.3333333333333333,0.5555555555555556,0.6,0.6,0.4,2
0.047619047619047616,0.6521739130434783,0.4444444444444444,1.0,1.0,0.5530909090909091,0.0001668075739192794,0.12772133526850507,0.6243654822335025,0.3333333333333333,0.6666666666666666,0.6,0.6,0.6,4
0.047619047619047616,0.6521739130434783,0.4444444444444444,1.0,1.0,0.9341818181818182,0.0004379292859447749,0.4010643444605709,0.7461928934010152,0.6666666666666666,0.6666666666666666,0.7,0.7,0.7,0
0.047619047619047616,0.6521739130434783,0.4444444444444444,1.0,1.0,0.9345454545454546,0.0003699706447184017,0.24528301886792456,1.0,0.5555555555555556,0.5111111111111111,0.6,0.8,0.8,0
0.047619047619047616,0.6521739130434783,0.4444444444444444,1.0,1.0,0.9996363636363637,0.0003307637363185711,0.34107402031930334,0.8781725888324873,0.1111111111111111,0.6666666666666666,0.6,0.6,0.6,4
0.047619047619047616,0.6521739130434783,0.4444444444444444,1.0,1.0,0.928,0.00025425086053223496,0.2559264634736333,0.49238578680203043,0.7777777777777778,0.7777777777777778,0.7,0.7,0.6,0
0.047619047619047616,0.6521739130434783,0.4444444444444444,1.0,1.0,0.936,0.00030248723874535995,0.36913401064344464,0.7461928934010152,0.5111111111111111,0.6666666666666666,0.5,0.6,0.5,2
0.047619047619047616,0.6521739130434783,0.4444444444444444,1.0,1.0,0.9276363636363636,0.00034003082375853107,0.3115626511852927,0.49238578680203043,0.7777777777777778,0.8888888888888888,0.4,0.6,0.4,0
0.09523809523809523,0.6521739130434783,0.4444444444444444,1.0,1.0,0.5785454545454546,0.000445770667624741,0.347363328495404,1.0,0.6666666666666666,0.7777777777777778,0.5,0.7,0.5,0
0.09523809523809523,0.6521739130434783,0.4444444444444444,1.0,1.0,0.9305454545454546,0.0004916308695712096,0.3875181422351235,0.8781725888324873,0.6222222222222222,0.7777777777777778,0.5,0.6599999999999999,0.6,0
0.09523809523809523,0.6521739130434783,0.4444444444444444,1.0,1.0,0.9312727272727273,0.00040490043583825094,0.4247701983551041,1.0,0.6666666666666666,0.6666666666666666,0.6,0.6599999999999999,0.6599999999999999,0
0.09523809523809523,0.6521739130434783,0.4444444444444444,1.0,1.0,0.45490909090909093,0.00023239003887899607,0.31059506531204645,1.0,0.48888888888888893,0.6666666666666666,0.4,0.4,0.4,2
0.09523809523809523,0.6521739130434783,0.4444444444444444,1.0,1.0,0.5385454545454545,0.0005180064261310956,0.3686502177068215,1.0,0.7111111111111111,0.6666666666666666,0.64,0.6599999999999999,0.52,0
0.09523809523809523,0.6521739130434783,0.4444444444444444,1.0,1.0,0.9261818181818182,0.00013686775295940873,0.1223996129656507,1.0,0.5555555555555556,0.6666666666666666,0.4,0.5,0.5,2
0.09523809523809523,0.6521739130434783,0.4444444444444444,1.0,1.0,0.58,0.0003371794122385434,0.2844702467343977,1.0,0.5555555555555556,0.8888888888888888,0.4,0.7,0.6,0
0.09523809523809523,0.6521739130434783,0.4444444444444444,1.0,1.0,0.9338181818181818,0.00022644959821235507,0.177552007740687,1.0,0.48888888888888893,0.7777777777777778,0.5599999999999999,0.8,0.8,0
0.09523809523809523,0.6521739130434783,0.4444444444444444,1.0,1.0,0.9258181818181819,0.00041773178767819547,0.3468795355587808,0.7461928934010152,0.7777777777777778,0.5111111111111111,0.6599999999999999,0.6599999999999999,0.6,0
0.09523809523809523,0.6521739130434783,0.4444444444444444,1.0,1.0,0.9334545454545454,0.000487353752291228,0.41170778906627975,0.6243654822335025,0.7777777777777778,0.6666666666666666,0.8,0.6599999999999999,0.6,0
0.09523809523809523,0.6521739130434783,0.4444444444444444,1.0,1.0,0.5530909090909091,0.00041012802362489496,0.37300435413642963,0.8781725888324873,0.6666666666666666,0.6666666666666666,0.6,0.6,0.54,0
0.09523809523809523,0.6521739130434783,0.4444444444444444,1.0,1.0,0.9341818181818182,0.00042105843445151446,0.38413159167876154,0.49238578680203043,0.6666666666666666,0.6666666666666666,0.5,0.6,0.5,3
0.09523809523809523,0.6521739130434783,0.4444444444444444,1.0,1.0,0.9345454545454546,0.000331476589198568,0.2152878567972908,1.0,0.5555555555555556,0.4444444444444444,0.6,0.8,0.7,3
0.09523809523809523,0.6521739130434783,0.4444444444444444,1.0,1.0,0.9996363636363637,0.00030129915061203173,0.378326076439284,1.0,0.7777777777777778,0.8888888888888888,0.6,0.7,0.7,0
0.09523809523809523,0.6521739130434783,0.4444444444444444,1.0,1.0,0.928,0.00026066653645220726,0.26318335752298017,1.0,0.5555555555555556,0.6000000000000001,0.6599999999999999,0.8,0.8,0
0.09523809523809523,0.6521739130434783,0.4444444444444444,1.0,1.0,0.936,0.00036474305693175765,0.386066763425254,0.8781725888324873,0.5555555555555556,0.6666666666666666,0.4,0.5,0.5,2
0.09523809523809523,0.6521739130434783,0.4444444444444444,1.0,1.0,0.9276363636363636,0.0003248232956519301,0.2955974842767296,0.6243654822335025,0.7777777777777778,0.6666666666666666,0.6,0.5599999999999999,0.4,3
0.09523809523809523,0.6521739130434783,0.4444444444444444,1.0,1.0,1.0,0.00027967594658545846,0.2491533623609095,0.7055837563451777,0.7777777777777778,0.8888888888888888,0.5,0.7,0.5,0
0.09523809523809523,0.6521739130434783,0.4444444444444444,1.0,1.0,0.9356363636363636,0.00015777810410598506,0.14417029511369134,0.5634517766497462,0.5555555555555556,0.6666666666666666,0.4,0.6,0.4,3
0.0,1.0,0.7777777777777778,0.0,0.6666666666666666,0.5785454545454546,0.00023334050938565864,0.22496371552975325,0.7461928934010152,0.5555555555555556,0.6666666666666666,0.4,0.6,0.4,3
0.0,1.0,0.7777777777777778,0.0,0.6666666666666666,0.9305454545454546,0.0002632803303455293,0.29753265602322204,1.0,0.5555555555555556,0.6666666666666666,0.4,0.6,0.4,3
0.0,1.0,0.7777777777777778,0.0,0.6666666666666666,0.4036363636363636,0.0002473599493589314,0.2941461054668602,1.0,0.3333333333333333,0.6666666666666666,0.6,0.6,0.6,3
0.0,1.0,0.7777777777777778,0.0,0.6666666666666666,0.9523636363636364,0.00017322324983925168,0.2481857764876633,1.0,0.6666666666666666,0.3333333333333333,0.4,0.4,0.4,2
0.0,1.0,0.7777777777777778,0.0,0.6666666666666666,0.9527272727272728,0.00016775804442594196,0.2709240445089502,1.0,0.6666666666666666,0.4444444444444444,0.4,0.4,0.4,2
0.0,1.0,0.7777777777777778,0.0,0.6666666666666666,0.9589090909090909,1.6395616239929173e-05,0.029995162070633765,0.49238578680203043,0.1111111111111111,0.6666666666666666,0.4,0.6,0.6,4
0.0,1.0,0.7777777777777778,0.0,0.6666666666666666,0.8818181818181818,0.00026779506525217647,0.30720851475568456,0.49238578680203043,0.5555555555555556,0.6666666666666666,0.8,0.6,0.6,3
0.0,1.0,0.7777777777777778,0.0,0.6666666666666666,0.5385454545454545,0.00014114487023939024,0.22689888727624577,1.0,0.5555555555555556,0.6666666666666666,0.6,0.6,0.6,0
0.0,1.0,0.7777777777777778,0.0,0.6666666666666666,0.9261818181818182,0.0001691837501859358,0.2210933720367683,1.0,0.5555555555555556,0.6666666666666666,0.8,0.8,0.8,3
0.0,1.0,0.7777777777777778,0.0,0.6666666666666666,0.4254545454545455,0.0002430828320789499,0.11272375423318821,1.0,0.5555555555555556,0.4444444444444444,0.2,0.2,0.2,4
0.0,1.0,0.7777777777777778,0.0,0.6666666666666666,0.9563636363636364,0.0004098904059982293,0.26318335752298017,0.7461928934010152,0.7777777777777778,0.4444444444444444,0.2,0.2,0.2,2
0.0,1.0,0.7777777777777778,0.0,0.6666666666666666,0.9338181818181818,0.00028324021098544307,0.26608611514271896,1.0,0.5555555555555556,0.6666666666666666,0.6,0.6,0.6,0
0.0,1.0,0.7777777777777778,0.0,0.6666666666666666,0.9574545454545454,0.00017559942610590807,0.23028543783260766,0.7461928934010152,0.4444444444444444,0.6666666666666666,0.6,0.6,0.7,3
0.0,1.0,0.7777777777777778,0.0,0.6666666666666666,0.9578181818181818,0.00019009410133251212,0.3076923076923077,1.0,0.6666666666666666,0.6666666666666666,0.5,0.7,0.6,0
0.0,1.0,0.7777777777777778,0.0,0.6666666666666666,0.9341818181818182,0.00012997684178610517,0.20899854862119016,1.0,0.5555555555555556,0.5555555555555556,0.7,0.7,0.6,3
0.0,1.0,0.7777777777777778,0.0,0.6666666666666666,0.6498181818181819,0.0001468476932793656,0.2728592162554427,0.7461928934010152,0.1111111111111111,0.2222222222222222,0.6,0.6,0.6,4
0.0,1.0,0.7777777777777778,0.0,0.6666666666666666,0.45745454545454545,0.0003186452373586235,0.3855829704886309,1.0,0.7777777777777778,0.4444444444444444,0.4,0.4,0.4,3
0.0,1.0,0.7777777777777778,0.0,0.6666666666666666,0.6487272727272727,0.00019175742471917162,0.23367198838896955,1.0,0.2222222222222222,0.2222222222222222,0.6,0.6,0.6,4
0.0,1.0,0.7777777777777778,0.0,0.6666666666666666,0.9345454545454546,0.00038517817282500275,0.5829704886308661,1.0,0.7777777777777778,0.4444444444444444,0.6,0.6,0.5,0
0.0,1.0,0.7777777777777778,0.0,0.6666666666666666,0.9352727272727273,4.4434496186474715e-05,0.09385582970488632,0.49238578680203043,0.2222222222222222,0.8888888888888888,0.2,0.4,0.6,4
0.0,1.0,0.7777777777777778,0.0,0.6666666666666666,0.9269090909090909,0.00022003392229238278,0.36574746008708275,0.7461928934010152,0.3333333333333333,0.4444444444444444,0.8,0.8,0.8,3
0.0,1.0,0.7777777777777778,0.0,0.6666666666666666,0.49127272727272725,0.00010455175573288168,0.14175133043057572,0.7461928934010152,0.3333333333333333,0.5555555555555556,0.6,0.6,0.6,2
0.0,1.0,0.7777777777777778,0.0,0.6666666666666666,0.884,0.00019817310063914388,0.24286405418480891,0.7461928934010152,0.4444444444444444,0.6666666666666666,0.8,0.8,0.7,3
0.0,1.0,0.7777777777777778,0.0,0.6666666666666666,0.928,0.00030438817975868504,0.26511852926947266,0.7461928934010152,0.5555555555555556,0.5555555555555556,0.6,0.6,0.5,3
0.0,1.0,0.7777777777777778,0.0,0.6666666666666666,0.9356363636363636,0.0003053386502653476,0.3826802128688921,1.0,0.7777777777777778,0.4444444444444444,0.8,0.6,0.5,0
0.0,1.0,0.7777777777777778,0.0,0.6666666666666666,0.936,0.00022003392229238278,0.22012578616352202,1.0,0.2222222222222222,0.3333333333333333,0.4,0.4,0.4,4
0.047619047619047616,1.0,0.7777777777777778,0.0,0.6666666666666666,0.5785454545454546,9.861131506624068e-05,0.2027092404450895,1.0,0.3333333333333333,0.6666666666666666,0.6,0.8,0.8,0
0.047619047619047616,1.0,0.7777777777777778,0.0,0.6666666666666666,0.9305454545454546,0.00013710537058607436,0.16932752781809388,1.0,0.5555555555555556,0.8888888888888888,0.4,0.6,0.8,3
0.047619047619047616,1.0,0.7777777777777778,0.0,0.6666666666666666,0.4036363636363636,0.00043745405069144355,0.46492501209482345,0.7461928934010152,0.5555555555555556,0.6666666666666666,0.7,0.6,0.6,0
0.047619047619047616,1.0,0.7777777777777778,0.0,0.6666666666666666,0.9523636363636364,0.0001596790451193102,0.23173681664247706,1.0,0.3333333333333333,0.4444444444444444,0.6,0.8,0.8,2
0.047619047619047616,1.0,0.7777777777777778,0.0,0.6666666666666666,0.9527272727272728,0.00017892607287922703,0.1867440735365264,1.0,0.5555555555555556,0.2222222222222222,0.8,0.8,0.8,3
0.047619047619047616,1.0,0.7777777777777778,0.0,0.6666666666666666,0.9589090909090909,0.00011096743165285396,0.11514271891630383,0.49238578680203043,0.3333333333333333,0.6666666666666666,0.6,0.6,0.8,2
0.047619047619047616,1.0,0.7777777777777778,0.0,0.6666666666666666,0.8818181818181818,0.00038280199655834637,0.40445089501693277,0.49238578680203043,0.7777777777777778,0.6666666666666666,0.8,0.8,0.6,1
0.047619047619047616,1.0,0.7777777777777778,0.0,0.6666666666666666,0.5385454545454545,4.253355517314959e-05,0.07789066279632317,0.49238578680203043,0.1111111111111111,0.6666666666666666,0.6,0.6,0.6,4
0.047619047619047616,1.0,0.7777777777777778,0.0,0.6666666666666666,0.9261818181818182,0.00022573674533235815,0.2612481857764877,0.49238578680203043,0.5555555555555556,0.6666666666666666,0.8,0.8,0.8,3
0.047619047619047616,1.0,0.7777777777777778,0.0,0.6666666666666666,0.9276363636363636,0.0003946828778916284,0.5481373971940009,0.49238578680203043,0.7777777777777778,0.8888888888888888,0.8,0.8,0.8,0
0.047619047619047616,1.0,0.7777777777777778,0.0,0.6666666666666666,0.4254545454545455,1.6395616239929173e-05,0.0,0.23857868020304568,0.2222222222222222,0.6666666666666666,0.0,0.4,0.6,4
0.047619047619047616,1.0,0.7777777777777778,0.0,0.6666666666666666,0.9563636363636364,0.00012284831298613598,0.1683599419448476,0.23857868020304568,0.3333333333333333,0.4444444444444444,0.6,0.6,0.6,4
0.047619047619047616,1.0,0.7777777777777778,0.0,0.6666666666666666,0.5796363636363636,0.0003590402338917823,0.3788098693759071,1.0,0.5555555555555556,0.6666666666666666,0.8,0.8,0.6,0
0.047619047619047616,1.0,0.7777777777777778,0.0,0.6666666666666666,0.9338181818181818,0.0003908809958649781,0.4499274310595066,1.0,0.5555555555555556,0.6666666666666666,0.8,0.8,0.6,0
0.047619047619047616,1.0,0.7777777777777778,0.0,0.6666666666666666,0.9574545454545454,0.0004084647002382355,0.4499274310595066,0.49238578680203043,0.5555555555555556,0.6666666666666666,0.4,0.4,0.4,3
0.047619047619047616,1.0,0.7777777777777778,0.0,0.6666666666666666,0.9578181818181818,0.00039967284805160675,0.46153846153846156,0.7461928934010152,0.5555555555555556,0.4444444444444444,0.8,0.8,0.6,0
0.047619047619047616,1.0,0.7777777777777778,0.0,0.6666666666666666,0.9341818181818182,0.0002276376863456833,0.32027092404450896,1.0,0.5555555555555556,0.6666666666666666,0.8,0.8,0.8,0
0.047619047619047616,1.0,0.7777777777777778,0.0,0.6666666666666666,0.6498181818181819,0.0001302144594127708,0.1490082244799226,1.0,0.2222222222222222,0.3333333333333333,0.4,0.4,0.2,4
0.047619047619047616,1.0,0.7777777777777778,0.0,0.6666666666666666,0.45745454545454545,0.00023262765650566172,0.21673923560716013,1.0,0.5555555555555556,0.4444444444444444,0.4,0.4,0.2,2
0.047619047619047616,1.0,0.7777777777777778,0.0,0.6666666666666666,0.6487272727272727,4.704829007979675e-05,0.08659893565553944,0.7461928934010152,0.1111111111111111,0.2222222222222222,0.4,0.4,0.6,4
0.047619047619047616,1.0,0.7777777777777778,0.0,0.6666666666666666,0.9345454545454546,0.00019959880639913775,0.1432027092404451,0.7461928934010152,0.7777777777777778,0.4444444444444444,0.4,0.4,0.4,3
0.047619047619047616,1.0,0.7777777777777778,0.0,0.6666666666666666,0.9352727272727273,0.00017251039695925476,0.15336236090953073,0.23857868020304568,0.3333333333333333,0.8888888888888888,0.2,0.4,0.6,4
0.047619047619047616,1.0,0.7777777777777778,0.0,0.6666666666666666,0.9269090909090909,0.00011548216655950113,0.14175133043057572,0.49238578680203043,0.1111111111111111,0.4444444444444444,0.6,0.6,0.6,4
0.047619047619047616,1.0,0.7777777777777778,0.0,0.6666666666666666,0.49127272727272725,0.00026969600626550156,0.4779874213836478,1.0,0.6666666666666666,0.6666666666666666,0.8,0.8,0.7,0
0.047619047619047616,1.0,0.7777777777777778,0.0,0.6666666666666666,0.884,0.00028062641709212106,0.4668601838413159,0.7461928934010152,0.5555555555555556,0.6666666666666666,0.8,0.8,0.8,0
0.047619047619047616,1.0,0.7777777777777778,0.0,0.6666666666666666,0.928,0.000412741817518217,0.6066763425253991,1.0,1.0,0.6666666666666666,0.9,0.9,0.8,1
0.047619047619047616,1.0,0.7777777777777778,0.0,0.6666666666666666,0.9356363636363636,0.00022549912770569253,0.5621673923560717,1.0,0.4444444444444444,0.5555555555555556,1.0,1.0,1.0,0
0.047619047619047616,1.0,0.7777777777777778,0.0,0.6666666666666666,0.936,0.00018961886607918085,0.1069182389937107,0.7461928934010152,0.3333333333333333,0.6666666666666666,0.4,0.4,0.4,4
0.047619047619047616,1.0,0.7777777777777778,0.0,0.6666666666666666,0.4869090909090909,2.328652741323274e-05,0.05031446540880504,0.49238578680203043,0.1111111111111111,0.4444444444444444,0.4,0.4,0.6,4
0.09523809523809523,1.0,0.7777777777777778,0.0,0.6666666666666666,0.5785454545454546,0.0004716709889312958,0.44847605224963716,0.7461928934010152,0.5555555555555556,0.8888888888888888,0.4,0.6,0.4,0
0.09523809523809523,1.0,0.7777777777777778,0.0,0.6666666666666666,0.9305454545454546,0.00036735685082507966,0.3647798742138365,1.0,0.5555555555555556,0.8888888888888888,0.8,0.8,0.8,0
0.09523809523809523,1.0,0.7777777777777778,0.0,0.6666666666666666,0.4036363636363636,0.0002689831533855047,0.2941461054668602,1.0,0.5555555555555556,0.4444444444444444,0.6,0.6,0.6,3
0.09523809523809523,1.0,0.7777777777777778,0.0,0.6666666666666666,0.9523636363636364,4.942446634645316e-05,0.04644412191582003,1.0,0.3333333333333333,0.3333333333333333,0.2,0.4,0.6,4
0.09523809523809523,1.0,0.7777777777777778,0.0,0.6666666666666666,0.9527272727272728,0.00010740316725286935,0.0745041122399613,0.7461928934010152,0.5555555555555556,0.4444444444444444,0.4,0.4,0.6,2
0.09523809523809523,1.0,0.7777777777777778,0.0,0.6666666666666666,0.9589090909090909,0.00027706215269213645,0.22786647314949204,0.23857868020304568,0.3333333333333333,0.6666666666666666,0.6,0.6,0.6,2
0.09523809523809523,1.0,0.7777777777777778,0.0,0.6666666666666666,0.8818181818181818,0.0005073136329311418,0.42186744073536525,1.0,0.7777777777777778,0.6666666666666666,0.7,0.6,0.4,0
0.09523809523809523,1.0,0.7777777777777778,0.0,0.6666666666666666,0.5385454545454545,0.0005603023636775795,0.44460570875665223,0.7461928934010152,0.8888888888888888,0.6666666666666666,0.8,0.6,0.4,0
0.09523809523809523,1.0,0.7777777777777778,0.0,0.6666666666666666,0.9261818181818182,0.0005747970389041836,0.4620222544750847,1.0,0.8888888888888888,0.6666666666666666,0.8,0.6,0.4,0
0.09523809523809523,1.0,0.7777777777777778,0.0,0.6666666666666666,0.9276363636363636,0.0003861286433316653,0.44460570875665223,0.7461928934010152,0.7777777777777778,0.6666666666666666,0.8,0.8,0.6,1
0.09523809523809523,1.0,0.7777777777777778,0.0,0.6666666666666666,0.4254545454545455,0.00018581698405253062,0.13497822931785197,1.0,0.5555555555555556,0.4444444444444444,0.2,0.4,0.2,4
0.09523809523809523,1.0,0.7777777777777778,0.0,0.6666666666666666,0.9563636363636364,0.00012284831298613598,0.15191098209966133,0.7461928934010152,0.3333333333333333,0.6666666666666666,0.4,0.4,0.4,4
0.09523809523809523,1.0,0.7777777777777778,0.0,0.6666666666666666,0.5796363636363636,0.0003792377321583617,0.2955974842767296,1.0,0.5555555555555556,0.5555555555555556,0.6,0.8,0.4,0
0.09523809523809523,1.0,0.7777777777777778,0.0,0.6666666666666666,0.9338181818181818,0.00031246717906531686,0.3134978229317852,0.7461928934010152,0.4444444444444444,0.4444444444444444,0.6,0.6,0.6,3
0.09523809523809523,1.0,0.7777777777777778,0.0,0.6666666666666666,0.9574545454545454,0.0003735349091183864,0.3251088534107402,1.0,0.5555555555555556,0.6666666666666666,0.6,0.6,0.6,3
0.09523809523809523,1.0,0.7777777777777778,0.0,0.6666666666666666,0.9578181818181818,0.00031246717906531686,0.3609095307208515,0.7461928934010152,0.5555555555555556,0.6666666666666666,0.6,0.6,0.6,3
0.09523809523809523,1.0,0.7777777777777778,0.0,0.6666666666666666,0.9341818181818182,0.0003885048195983217,0.33768746976294145,0.7461928934010152,0.4444444444444444,0.4444444444444444,0.5,0.5,0.4,3
0.09523809523809523,1.0,0.7777777777777778,0.0,0.6666666666666666,0.6498181818181819,4.989970159978444e-05,0.05853894533139817,0.7461928934010152,0.1111111111111111,0.3333333333333333,0.4,0.4,0.4,4
0.09523809523809523,1.0,0.7777777777777778,0.0,0.6666666666666666,0.45745454545454545,0.0002632803303455293,0.2447992259313014,0.7461928934010152,0.5555555555555556,0.4444444444444444,0.6,0.6,0.6,3
0.09523809523809523,1.0,0.7777777777777778,0.0,0.6666666666666666,0.6487272727272727,5.8216318533081835e-05,0.03047895500725689,0.7461928934010152,0.1111111111111111,0.4444444444444444,0.4,0.4,0.4,4
0.09523809523809523,1.0,0.7777777777777778,0.0,0.6666666666666666,0.9345454545454546,0.00013853107634606823,0.1035316884373488,0.7461928934010152,0.3333333333333333,0.4444444444444444,0.4,0.4,0.4,2
0.09523809523809523,1.0,0.7777777777777778,0.0,0.6666666666666666,0.9352727272727273,0.00024236997919895294,0.26608611514271896,1.0,0.4444444444444444,0.8888888888888888,0.6,0.6,0.4,3
0.09523809523809523,1.0,0.7777777777777778,0.0,0.6666666666666666,0.9269090909090909,0.00033290229495856185,0.36574746008708275,1.0,0.5555555555555556,0.4444444444444444,0.8,0.6,0.6,3
0.09523809523809523,1.0,0.7777777777777778,0.0,0.6666666666666666,0.49127272727272725,0.000412741817518217,0.579100145137881,0.7461928934010152,0.7777777777777778,0.6666666666666666,0.8,0.7,0.6,0
0.09523809523809523,1.0,0.7777777777777778,0.0,0.6666666666666666,0.884,0.0004346026391714559,0.6347363328495405,0.7461928934010152,1.0,0.6666666666666666,1.0,0.8,0.9,1
0.09523809523809523,1.0,0.7777777777777778,0.0,0.6666666666666666,0.928,0.00040727661210490727,0.5229801644895984,0.7461928934010152,0.7777777777777778,0.6666666666666666,1.0,0.8,0.8,1
0.09523809523809523,1.0,0.7777777777777778,0.0,0.6666666666666666,0.9356363636363636,0.00030819006178533533,0.39380745041122406,0.7461928934010152,0.5555555555555556,0.6666666666666666,0.8,0.8,0.7,0
0.09523809523809523,1.0,0.7777777777777778,0.0,0.6666666666666666,0.936,0.00021504395213240438,0.19303338171262702,0.49238578680203043,0.1111111111111111,0.1111111111111111,0.4,0.4,0.4,4
0.09523809523809523,1.0,0.7777777777777778,0.0,0.6666666666666666,0.4869090909090909,4.871161346645623e-05,0.06144170295113692,0.49238578680203043,0.1111111111111111,0.3333333333333333,0.2,0.4,0.4,4
0.0,0.34782608695652173,1.0,1.0,1.0,0.5785454545454546,0.0010148648834889492,0.7779390420899854,0.18781725888324874,0.8888888888888888,1.0,0.74,0.8,0.6,1
0.0,0.34782608695652173,1.0,1.0,1.0,0.9305454545454546,0.0005788365385574995,0.6390904692791486,0.08629441624365482,0.5555555555555556,0.8888888888888888,0.7,0.8,0.6,0
0.0,0.34782608695652173,1.0,1.0,1.0,0.9312727272727273,0.0006805368827703935,0.6028059990324143,0.2893401015228426,0.6888888888888889,0.8444444444444444,0.7,0.78,0.74,0
0.0,0.34782608695652173,1.0,1.0,1.0,0.45490909090909093,0.0006180434469573301,0.46831156265118534,0.39086294416243655,0.6888888888888889,0.8444444444444444,0.52,0.52,0.5,0
0.0,0.34782608695652173,1.0,1.0,1.0,0.9261818181818182,0.0008307112228230781,0.575713594581519,0.18781725888324874,0.6000000000000001,0.7777777777777778,0.5,0.5,0.45999999999999996,0
0.0,0.34782608695652173,1.0,1.0,1.0,0.5385454545454545,0.0008927294233828101,0.7610062893081762,0.08629441624365482,0.6666666666666666,0.8888888888888888,0.6599999999999999,0.8,0.7,1
0.0,0.34782608695652173,1.0,1.0,1.0,0.9276363636363636,0.0007915043144232475,0.6347363328495405,0.18781725888324874,0.5777777777777778,0.7777777777777778,0.64,0.76,0.5,0
0.0,0.34782608695652173,1.0,1.0,1.0,0.9258181818181819,0.000877046660022878,0.7900338655055636,0.39086294416243655,0.8888888888888888,0.5777777777777778,0.72,0.58,0.45999999999999996,0
0.0,0.34782608695652173,1.0,1.0,1.0,0.9334545454545454,0.0007378027307968128,0.6187711659409773,0.5939086294416244,0.6888888888888889,0.5777777777777778,0.72,0.6599999999999999,0.5599999999999999,0
0.0,0.34782608695652173,1.0,1.0,1.0,0.58,0.00046406722487799527,0.6013546202225448,0.18781725888324874,0.5555555555555556,0.8888888888888888,0.8,0.8,0.8,3
0.0,0.34782608695652173,1.0,1.0,1.0,0.9338181818181818,0.0005125412207177859,0.6507014997581035,0.18781725888324874,0.5555555555555556,0.8888888888888888,0.6,0.6799999999999999,0.6,0
0.0,0.34782608695652173,1.0,1.0,1.0,0.9574545454545454,0.0009490448009025669,0.8626028059990324,0.08629441624365482,0.8888888888888888,1.0,0.6,0.8,0.4,0
0.0,0.34782608695652173,1.0,1.0,1.0,0.9578181818181818,0.0004709581360512988,0.43928398645379774,0.08629441624365482,0.6222222222222222,1.0,0.6599999999999999,0.8,0.7,0
0.0,0.34782608695652173,1.0,1.0,1.0,0.9341818181818182,0.0005771732151708401,0.5099177552007741,0.39086294416243655,0.6222222222222222,0.7555555555555555,0.7,0.82,0.6799999999999999,0
0.0,0.34782608695652173,1.0,1.0,1.0,0.5530909090909091,0.0007741582276766556,0.6594097726173198,0.39086294416243655,0.7111111111111111,0.7777777777777778,0.72,0.72,0.58,0
0.0,0.34782608695652173,1.0,1.0,1.0,0.6498181818181819,0.0007240209084502056,0.683599419448476,0.2893401015228426,0.6000000000000001,0.4,0.5599999999999999,0.7,0.58,3
0.0,0.34782608695652173,1.0,1.0,1.0,0.9345454545454546,0.0007306742019968435,0.7039187227866475,0.2893401015228426,0.7999999999999999,0.5111111111111111,0.6799999999999999,0.8,0.62,0
0.0,0.34782608695652173,1.0,1.0,1.0,0.9352727272727273,0.0007696434927700085,0.6347363328495405,0.39086294416243655,0.6000000000000001,0.8888888888888888,0.62,0.6599999999999999,0.6,0
0.0,0.34782608695652173,1.0,1.0,1.0,0.9269090909090909,0.00046739387165131425,0.46153846153846156,0.2893401015228426,0.48888888888888893,0.6666666666666666,0.8,0.8400000000000001,0.74,0
0.0,0.34782608695652173,1.0,1.0,1.0,0.928,0.0006382409452239095,0.4934687953555878,0.18781725888324874,0.6666666666666666,0.6666666666666666,0.6599999999999999,0.8,0.58,1
0.0,0.34782608695652173,1.0,1.0,1.0,0.936,0.0004593148723446825,0.2733430091920658,0.39086294416243655,0.24444444444444446,0.4,0.45999999999999996,0.5,0.45999999999999996,2
0.047619047619047616,0.34782608695652173,1.0,1.0,1.0,0.5785454545454546,0.0007967319022098915,0.7431059506531205,0.18781725888324874,0.6666666666666666,0.8444444444444444,0.64,0.78,0.5,0
0.047619047619047616,0.34782608695652173,1.0,1.0,1.0,0.9305454545454546,0.0008376021339963816,0.9859700048379294,0.08629441624365482,0.6222222222222222,0.7777777777777778,0.8,0.9,0.6,1
0.047619047619047616,0.34782608695652173,1.0,1.0,1.0,0.9312727272727273,0.0007748710805566526,0.6434446057087567,0.2893401015228426,0.6888888888888889,0.8222222222222223,0.64,0.74,0.64,0
0.047619047619047616,0.34782608695652173,1.0,1.0,1.0,0.45490909090909093,0.0006308747987972747,0.520561199806483,0.8984771573604061,0.6222222222222222,0.8222222222222223,0.42000000000000004,0.42000000000000004,0.4,3
0.047619047619047616,0.34782608695652173,1.0,1.0,1.0,0.9261818181818182,0.0011586235476216617,0.7610062893081762,0.08629441624365482,1.0,1.0,0.7,0.7,0.6,1
0.047619047619047616,0.34782608695652173,1.0,1.0,1.0,0.9276363636363636,0.0003550007342384664,0.3246250604741171,0.08629441624365482,0.3333333333333333,0.8888888888888888,0.8,0.8,0.8,2
0.047619047619047616,0.34782608695652173,1.0,1.0,1.0,0.9258181818181819,0.0010878134948753007,0.8693759071117562,0.39086294416243655,0.8444444444444444,0.5777777777777778,0.76,0.58,0.52,1
0.047619047619047616,0.34782608695652173,1.0,1.0,1.0,0.9334545454545454,0.0012398887759413103,0.9617803580067731,0.49238578680203043,0.8888888888888888,0.6000000000000001,0.78,0.6799999999999999,0.52,1
0.047619047619047616,0.34782608695652173,1.0,1.0,1.0,0.58,1.0,0.7706821480406386,0.39086294416243655,0.7555555555555555,0.8666666666666667,0.64,0.6599999999999999,0.48,1
0.047619047619047616,0.34782608695652173,1.0,1.0,1.0,0.9574545454545454,0.0009316987141559751,0.791969037252056,0.08629441624365482,0.7777777777777778,0.8888888888888888,0.6599999999999999,0.5,0.3,3
0.047619047619047616,0.34782608695652173,1.0,1.0,1.0,0.9578181818181818,0.0007584754643167234,0.6507014997581035,0.08629441624365482,0.48888888888888893,0.6666666666666666,0.6,0.8,0.6,0
0.047619047619047616,0.34782608695652173,1.0,1.0,1.0,0.9341818181818182,0.001171454899461606,0.625544267053701,0.08629441624365482,0.7777777777777778,1.0,0.6,0.8,0.6,1
0.047619047619047616,0.34782608695652173,1.0,1.0,1.0,0.5530909090909091,0.0012280078946080284,0.6932752781809386,0.08629441624365482,1.0,1.0,0.5,0.4,0.5,0
0.047619047619047616,0.34782608695652173,1.0,1.0,1.0,0.6498181818181819,0.0007670296988766865,0.6163522012578616,0.2893401015228426,0.5111111111111111,0.4444444444444444,0.62,0.62,0.45999999999999996,0
0.047619047619047616,0.34782608695652173,1.0,1.0,1.0,0.9345454545454546,0.0009316987141559751,0.8176100628930818,0.39086294416243655,0.8444444444444444,0.5555555555555556,0.6799999999999999,0.76,0.62,1
0.047619047619047616,0.34782608695652173,1.0,1.0,1.0,0.9352727272727273,0.0001934207481058311,0.43783260764392845,0.08629441624365482,0.2222222222222222,0.8888888888888888,0.8,0.8,0.8,4
0.047619047619047616,0.34782608695652173,1.0,1.0,1.0,0.9269090909090909,0.0006508346794371885,0.6545718432510886,0.08629441624365482,0.5555555555555556,0.7777777777777778,0.7,0.6,0.6,0
0.047619047619047616,0.34782608695652173,1.0,1.0,1.0,0.928,0.0009293225378893187,0.8287373004354137,0.2893401015228426,0.7555555555555555,0.8444444444444444,0.8400000000000001,0.82,0.72,1
0.047619047619047616,0.34782608695652173,1.0,1.0,1.0,0.936,0.00031436812007864194,0.45960328979196907,0.08629441624365482,0.2222222222222222,0.6666666666666666,0.4,0.8,0.6,4
0.09523809523809523,0.34782608695652173,1.0,1.0,1.0,0.9312727272727273,0.000907936951489411,0.6502177068214805,0.49238578680203043,0.7555555555555555,0.8,0.64,0.7,0.48,1
0.09523809523809523,0.34782608695652173,1.0,1.0,1.0,0.45490909090909093,0.0006052120951173856,0.5336236090953073,0.08629441624365482,0.5555555555555556,0.6666666666666666,0.5,0.6599999999999999,0.6,3
0.09523809523809523,0.34782608695652173,1.0,1.0,1.0,0.9261818181818182,0.0006161425059440051,0.316400580551524,0.08629441624365482,0.4444444444444444,0.6666666666666666,0.6,0.6,0.6,3
0.09523809523809523,0.34782608695652173,1.0,1.0,1.0,0.9276363636363636,0.00032458567802526447,0.2902757619738752,0.08629441624365482,0.3333333333333333,0.6666666666666666,0.6,0.8,0.8,2
0.09523809523809523,0.34782608695652173,1.0,1.0,1.0,0.9258181818181819,0.0010067858841823175,0.6187711659409773,0.49238578680203043,0.8222222222222223,0.6222222222222222,0.4,0.5,0.33999999999999997,0
0.09523809523809523,0.34782608695652173,1.0,1.0,1.0,0.9334545454545454,0.0009385896253292787,0.5394291243347847,0.49238578680203043,0.7999999999999999,0.5555555555555556,0.45999999999999996,0.52,0.33999999999999997,0
0.09523809523809523,0.34782608695652173,1.0,1.0,1.0,0.58,0.0007896033734099224,0.4746008708272859,0.08629441624365482,0.6222222222222222,0.8888888888888888,0.6599999999999999,0.8,0.54,0
0.09523809523809523,0.34782608695652173,1.0,1.0,1.0,0.9338181818181818,0.0007306742019968435,0.43928398645379774,0.08629441624365482,0.6666666666666666,0.8888888888888888,0.6,0.8,0.6,1
0.09523809523809523,0.34782608695652173,1.0,1.0,1.0,0.9574545454545454,0.0009419162721025976,0.8272859216255443,0.08629441624365482,0.7777777777777778,1.0,0.6,0.7,0.4,0
0.09523809523809523,0.34782608695652173,1.0,1.0,1.0,0.9578181818181818,0.0007168923796502364,0.6507014997581035,0.18781725888324874,0.7333333333333333,0.8888888888888888,0.7,0.8,0.58,0
0.09523809523809523,0.34782608695652173,1.0,1.0,1.0,0.9341818181818182,0.000827384576049759,0.625544267053701,0.08629441624365482,0.5555555555555556,0.6666666666666666,0.6599999999999999,0.7,0.6,1
0.09523809523809523,0.34782608695652173,1.0,1.0,1.0,0.5530909090909091,0.0009944297675957042,0.5916787614900824,0.39086294416243655,0.7777777777777778,0.7555555555555555,0.6,0.7,0.42000000000000004,1
0.09523809523809523,0.34782608695652173,1.0,1.0,1.0,0.6498181818181819,0.0003980095246649473,0.34833091436865027,0.39086294416243655,0.3111111111111111,0.4666666666666667,0.5,0.6,0.5599999999999999,2
0.09523809523809523,0.34782608695652173,1.0,1.0,1.0,0.9345454545454546,0.0009811231805024283,0.683599419448476,0.2893401015228426,0.8222222222222223,0.6222222222222222,0.52,0.6599999999999999,0.44000000000000006,0
0.09523809523809523,0.34782608695652173,1.0,1.0,1.0,0.9269090909090909,0.0002235981866923674,0.20367682631833578,0.08629441624365482,0.2222222222222222,0.5555555555555556,0.6,0.6,0.6,4
0.0,0.4782608695652174,0.5111111111111111,0.0,0.3333333333333333,0.4036363636363636,5.3701583626434676e-05,0.11078858248669571,0.015228426395939087,0.1111111111111111,0.4444444444444444,0.6,0.6,0.6,4
0.0,0.4782608695652174,0.5111111111111111,0.0,0.3333333333333333,0.9312727272727273,0.00017607466135923937,0.21141751330430578,0.15736040609137056,0.3333333333333333,0.6666666666666666,0.5,0.6599999999999999,0.6,2
0.0,0.4782608695652174,0.5111111111111111,0.0,0.3333333333333333,0.8818181818181818,0.00018344080778587423,0.23270440251572327,0.025380710659898477,0.3333333333333333,0.7777777777777778,0.6,0.6,0.6,4
0.0,0.4782608695652174,0.5111111111111111,0.0,0.3333333333333333,0.9261818181818182,0.00035642643999846027,0.335752298016449,0.25888324873096447,0.5555555555555556,0.7777777777777778,0.6,0.5,0.6,3
0.0,0.4782608695652174,0.5111111111111111,0.0,0.3333333333333333,0.58,9.457181541292478e-05,0.11901306240928883,0.116751269035533,0.3333333333333333,0.6666666666666666,0.4,0.6,0.6,4
0.0,0.4782608695652174,0.5111111111111111,0.0,0.3333333333333333,0.9574545454545454,0.00011524454893283548,0.16061925495887763,0.07614213197969544,0.1111111111111111,0.4444444444444444,0.4,0.6,0.6,4
0.0,0.4782608695652174,0.5111111111111111,0.0,0.3333333333333333,0.6498181818181819,0.0002967844157053846,0.3386550556361877,0.12690355329949238,0.2222222222222222,0.3333333333333333,0.4,0.6,0.6,2
0.0,0.4782608695652174,0.5111111111111111,0.0,0.3333333333333333,0.9345454545454546,0.0005458076884509755,0.6405418480890179,0.3604060913705584,0.7777777777777778,0.4444444444444444,0.6,0.7,0.4,1
0.0,0.4782608695652174,0.5111111111111111,0.0,0.3333333333333333,0.9530909090909091,0.00037234682098505816,0.41848089017900336,0.8477157360406091,0.7777777777777778,0.4444444444444444,0.5,0.8,0.5,1
0.0,0.4782608695652174,0.5111111111111111,0.0,0.3333333333333333,0.8836363636363637,0.0003920690839983063,0.4417029511369134,0.05583756345177665,0.4444444444444444,0.6666666666666666,0.6,0.7,0.6,2
0.0,0.4782608695652174,0.5111111111111111,0.0,0.3333333333333333,0.928,0.00033527847122521824,0.4141267537493952,0.19796954314720813,0.5555555555555556,0.6666666666666666,0.6599999999999999,0.7,0.6599999999999999,3
0.0,0.4782608695652174,0.5111111111111111,0.0,0.3333333333333333,0.9356363636363636,0.0002623298598388667,0.3038219641993227,0.3197969543147208,0.5555555555555556,0.6666666666666666,0.7,0.7,0.6599999999999999,3
0.0,0.4782608695652174,0.5111111111111111,0.0,0.3333333333333333,0.936,0.00021147968773241975,0.2438316400580552,0.49238578680203043,0.3333333333333333,0.4,0.5,0.6,0.5,2
0.0,0.4782608695652174,0.5111111111111111,0.0,0.3333333333333333,0.6487272727272727,0.0002295386273590084,0.2820512820512821,0.4517766497461929,0.3333333333333333,0.4444444444444444,0.6,0.8,0.6,2
0.09523809523809523,0.4782608695652174,0.5111111111111111,0.0,0.3333333333333333,0.5785454545454546,0.0003241104427719332,0.4997581035316884,0.3401015228426396,0.5555555555555556,0.6666666666666666,0.6,0.8,0.6,0
0.09523809523809523,0.4782608695652174,0.5111111111111111,0.0,0.3333333333333333,0.9305454545454546,0.00020387592367911926,0.2955974842767296,0.15736040609137056,0.5555555555555556,0.8888888888888888,0.6,0.8,0.8,3
0.09523809523809523,0.4782608695652174,0.5111111111111111,0.0,0.3333333333333333,0.4036363636363636,0.00015064957530601587,0.16545718432510886,0.4720812182741117,0.5555555555555556,0.6666666666666666,0.5,0.4,0.4,3
0.09523809523809523,0.4782608695652174,0.5111111111111111,0.0,0.3333333333333333,0.9312727272727273,0.00019603454199915315,0.3618771165940977,0.6243654822335025,0.5555555555555556,0.7777777777777778,0.7,0.7,0.6,3
0.09523809523809523,0.4782608695652174,0.5111111111111111,0.0,0.3333333333333333,0.8818181818181818,0.0004001480833049381,0.3817126269956459,0.4416243654822335,0.8888888888888888,1.0,0.6,0.4,0.3,1
0.09523809523809523,0.4782608695652174,0.5111111111111111,0.0,0.3333333333333333,0.9261818181818182,0.0002960715628253876,0.39864537977745523,0.5431472081218274,0.7777777777777778,0.8888888888888888,0.6,0.5,0.4,0
0.09523809523809523,0.4782608695652174,0.5111111111111111,0.0,0.3333333333333333,0.58,0.00039658381890495344,0.3817126269956459,0.4720812182741117,0.6666666666666666,0.6666666666666666,0.6599999999999999,0.8,0.6,1
0.09523809523809523,0.4782608695652174,0.5111111111111111,0.0,0.3333333333333333,0.9574545454545454,0.00026755744762551085,0.3875181422351235,0.16751269035532995,0.4444444444444444,0.7777777777777778,0.5,0.7,0.6,3
0.09523809523809523,0.4782608695652174,0.5111111111111111,0.0,0.3333333333333333,0.6498181818181819,0.00021290539349241356,0.27624576681180457,0.116751269035533,0.4444444444444444,0.4,0.5,0.8,0.6,3
0.09523809523809523,0.4782608695652174,0.5111111111111111,0.0,0.3333333333333333,0.6487272727272727,0.00017369848509258295,0.2191582002902758,0.4416243654822335,0.4444444444444444,0.4444444444444444,0.6,0.6599999999999999,0.5,3
0.09523809523809523,0.4782608695652174,0.5111111111111111,0.0,0.3333333333333333,0.9345454545454546,0.0002884677987720872,0.4586357039187228,0.3604060913705584,0.5555555555555556,0.4444444444444444,0.7,0.9,0.86,1
0.09523809523809523,0.4782608695652174,0.5111111111111111,0.0,0.3333333333333333,0.9530909090909091,0.00024926089037225656,0.3788098693759071,0.6954314720812182,0.5555555555555556,0.4444444444444444,0.5,0.8,0.6,0
0.09523809523809523,0.4782608695652174,0.5111111111111111,0.0,0.3333333333333333,0.8836363636363637,0.00022977624498567403,0.43057571359458147,0.350253807106599,0.5555555555555556,0.6666666666666666,0.8,0.9,0.7,3
0.09523809523809523,0.4782608695652174,0.5111111111111111,0.0,0.3333333333333333,0.884,0.0003298132658119086,0.5133043057571359,0.5939086294416244,0.8888888888888888,0.8888888888888888,0.7,0.7,0.5,1
0.09523809523809523,0.4782608695652174,0.5111111111111111,0.0,0.3333333333333333,0.9269090909090909,0.0003514364698384818,0.46927914852443153,0.116751269035533,0.5555555555555556,0.6000000000000001,0.7,0.7,0.6,3
0.09523809523809523,0.4782608695652174,0.5111111111111111,0.0,0.3333333333333333,0.928,0.00027040885914549854,0.42525399129172714,0.3197969543147208,0.7777777777777778,0.8888888888888888,0.8,0.8,0.8,0
0.09523809523809523,0.4782608695652174,0.5111111111111111,0.0,0.3333333333333333,0.9356363636363636,0.0002811016523454523,0.4141267537493952,0.6649746192893401,0.7777777777777778,0.8888888888888888,0.7,0.8,0.6,0
0.09523809523809523,0.4782608695652174,0.5111111111111111,0.0,0.3333333333333333,0.936,0.00017488657322591117,0.2438316400580552,0.5025380710659898,0.4444444444444444,0.4444444444444444,0.5,0.9,0.8,3
0.09523809523809523,0.4782608695652174,0.5111111111111111,0.0,0.3333333333333333,0.9527272727272728,0.0001283135183994457,0.14078374455732948,0.4213197969543147,0.4444444444444444,0.4444444444444444,0.6599999999999999,0.8,0.7,3
0.0,0.13043478260869565,0.8888888888888888,1.0,1.0,0.9261818181818182,0.000975420357462453,0.5573294629898404,0.26903553299492383,0.8222222222222223,0.7111111111111111,0.45999999999999996,0.38,0.33999999999999997,3
0.0,0.13043478260869565,0.8888888888888888,1.0,1.0,0.9276363636363636,0.0007786729625833029,0.45911949685534587,0.3197969543147208,0.8888888888888888,0.8888888888888888,0.5599999999999999,0.6,0.3,0
0.0,0.13043478260869565,0.8888888888888888,1.0,1.0,0.9334545454545454,0.0006565375024771638,0.4039671020803097,0.9390862944162437,0.911111111111111,0.6666666666666666,0.4,0.36,0.24,0
0.0,0.13043478260869565,0.8888888888888888,1.0,1.0,0.5530909090909091,0.0006363400042105844,0.5016932752781811,0.6649746192893401,0.9333333333333333,0.7333333333333333,0.6799999999999999,0.6799999999999999,0.6,0
