att1,att2,att3,att4,att5,att6,__target__
0.5,0.0,0.0,0.2553123671908202,0.1190665908247654,0.011200061434551555,0
0.5,0.0,0.0,0.20654483637909046,0.11274618829919822,0.010525222104671907,0
0.5,0.0,0.0,0.24030872442474646,0.12425007119625874,0.008023689507190651,0
0.5,0.0,0.0,0.22744520672697469,0.09023660029972899,0.015838693830048056,0
0.5,0.0,0.0,0.21062777002003524,0.1317415415429401,0.012904581797701428,0
0.5,0.0,0.0,0.23943597838625472,0.1181556488485879,0.036427733838134524,0
0.5,0.0,0.0,0.29547386315342117,0.16724972947823347,0.02970467259885298,0
0.5,0.0,0.0,0.2264434460567057,0.11479538039498631,0.00667768080834528,0
0.5,0.0,0.0,0.30382186873899575,0.16354547556879295,0.02674827714588573,0
0.5,0.0,0.0,0.25135085908566573,0.16338503896649983,0.027592807394125125,0
0.5,0.0,0.0,0.22141946451338707,0.12450665109066696,0.011434974698369085,0
0.5,0.0,0.0,0.2264434460567057,0.04786967521402972,0.012118838338861423,0
0.5,0.0,0.0,0.3154331855989314,0.13638908186574836,0.04593749444982625,0
0.5,0.0,0.0,0.23755388258150684,0.07472030485228932,0.011661831407985965,0
0.5,0.0,0.0,0.2455831461356322,0.11014576336011568,0.01473485389992136,0
0.5,0.0,0.0,0.22091858417825258,0.058450925800003425,0.004804183185118271,0
0.5,0.0,0.0,0.20961842025377933,0.08984304923660384,0.018580202627940603,0
0.5,0.0,0.0,0.27577256997146493,0.1580556095316252,0.012437600545784331,0
0.5,0.0,0.0,0.2143919616295307,0.15473471384345236,0.006829995355848579,0
0.5,0.0,0.0,0.2642219658794245,0.11221738253344882,0.02141762030819594,0
0.5,0.0,0.0,0.21564416246736692,0.1302104114066194,0.0075032120933050655,0
0.5,0.0,0.0,0.22229979964786595,0.07026075641665715,0.004978229809121541,0
0.5,0.0,0.0,0.2497875053123671,0.066287992113919,0.013368532822437199,0
0.5,0.0,0.0,0.22600327848946633,0.07930915333657108,0.009329341181956809,0
0.5,0.0,0.0,0.2777760913120029,0.09111499299296871,0.023522780990144827,0
0.5,0.0,0.0,0.2414394997267925,0.0843235794570768,0.013813713633452053,0
0.5,0.0,0.0,0.26372108554428997,0.09487805175927919,0.013367409273414373,0
0.5,0.0,0.0,0.26560318134903765,0.15529224745939882,0.018971768444791558,0
0.5,0.0,0.0,0.24432335620180914,0.13705194857786865,0.025759537588798474,0
0.5,0.0,0.0,0.26798615748892,0.07488393422278719,0.011385101600537118,0
0.5,0.0,0.0,0.23385040373990645,0.08115240481950066,0.014900017476395251,0
0.5,0.0,0.0,0.21978780887620677,0.11386620008362096,0.01421154192088547,0
0.5,0.0,0.0,0.23001791026652904,0.10824123474405113,0.021837718337790777,0
0.5,0.0,0.0,0.1803169206484124,0.022906508421961055,0.012898318190914868,0
0.5,0.0,0.0,0.18087851375144195,0.14133780194678197,0.016200986387341257,0
0.5,0.0,0.0,0.2544320320563415,0.07615867518315463,0.017283712117183592,0
0.5,0.0,0.0,0.22506223058709252,0.06461922682611325,0.01186301274779164,0
0.5,0.0,0.0,0.2559346730617448,0.16000405283779912,0.019074896617332155,0
0.5,0.0,0.0,0.2325906138060834,0.10212349529938,0.01419889739749407,0
0.5,0.0,0.0,0.18501457106429486,0.10247553331219571,0.013928540003405257,0
0.5,0.0,0.0,0.23667354744702815,0.14157435640344523,0.015218891757175751,0
0.5,0.0,0.0,0.1740938619391658,0.04931128069497862,0.01109500908395398,0
0.5,0.0,0.0,0.21583388986703902,0.12349061618229558,0.009675847043130792,0
0.5,0.0,0.0,0.253991864489102,0.11281924053100012,0.011724342286987901,0
0.5,0.0,0.0,0.22318013478234464,0.05360375976428166,0.012965066527893272,0
0.5,0.0,0.0,0.2786564264464816,0.1319180126227221,0.027156175468862988,0
0.5,0.0,0.0,0.26798615748892,0.09455972853106907,0.028368637251587604,0
0.5,0.0,0.0,0.2636527836804079,0.10051679827311369,0.03161575391205781,0
0.5,0.0,0.0,0.1944933519519155,0.10978180897570355,0.011320729419016724,0
0.5,0.0,0.0,0.23579321231254927,0.088688157165908,0.009747498755340988,0
0.5,0.0,0.0,0.18878635176977723,0.15656379565156137,0.021611152263973938,0
0.5,0.0,0.0,0.2678647319531297,0.105322691422506,0.011182161456467292,0
0.5,0.0,0.0,0.18690425596502944,0.08510707912362672,0.00746927024055551,0
0.5,0.0,0.0,0.21715439256875724,0.06768999879275223,0.004259330138321485,0
0.5,0.0,0.0,0.21445267439742574,0.06321444413421691,0.010242896740011548,0
0.5,0.0,0.0,0.24049845182441865,0.10216170962678733,0.01600123053179347,0
0.5,0.0,0.0,0.2227399672151053,0.08974785953676234,0.011969913549962102,0
0.5,0.0,0.0,0.2563141278610892,0.10454488505501167,0.020921007450471495,0
0.5,0.0,0.0,0.25649626616477444,0.11621794228504971,0.02417423292681185,0
0.5,0.0,0.0,0.20692429117843486,0.14057610069324109,0.01800556479295774,0
0.5,0.0,0.0,0.21583388986703902,0.12786573285166142,0.013211597956469171,0
0.5,0.0,0.0,0.22800679983000433,0.1252647075026289,0.020155759406365027,0
0.5,0.0,0.0,0.21357233926294697,0.08958959853758218,0.013279494034381648,0
0.5,0.0,0.0,0.2526106490194888,0.11100588946358168,0.0068013631453672126,0
0.5,0.0,0.0,0.2325906138060834,0.20129902012601705,0.025384058538141876,0
0.5,0.0,0.0,0.2831795276546657,0.0889537926550919,0.022334825695338924,0
0.5,0.0,0.0,0.2543106065205512,0.1070624604846373,0.023168987387610314,0
0.5,0.0,0.0,0.27162892356262525,0.11563599670689974,0.015529575798465556,0
0.5,0.0,0.0,0.1958138546536336,0.09887466293250302,0.008298051598580674,0
0.5,0.0,0.0,0.2758939955072553,0.13967226474541322,0.018207532306033454,0
0.5,0.0,0.0,0.23867706878756595,0.14539140968337924,0.019580595516945527,0
0.5,0.0,0.0,0.23246918827029328,0.1059524861418497,0.01004430971800714,0
0.5,0.0,0.0,0.19343087851375143,0.05293462759774167,0.01565971878721357,0
0.5,0.0,0.0,0.2232408475502398,0.04088507801080565,0.010284328427204163,0
0.5,0.0,0.0,0.26189970250743727,0.14264869464978722,0.026795212446398396,0
0.5,0.0,0.0,0.22894784773237817,0.09215410483436041,0.02420939859658085,0
0.5,0.0,0.0,0.22129044988161004,0.09116524377396253,0.012477509845324638,0
0.5,0.0,0.0,0.20862424867949725,0.08723611867912164,0.00638007959062844,0
0.5,0.0,0.0,0.25173031388500994,0.12959713855637106,0.011042706269767522,0
0.5,0.0,0.0,0.1854547386315342,0.06791904459321695,0.012096175936838873,0
0.5,0.0,0.0,0.23315220690911304,0.12288699933677306,0.014265395671634179,0
0.5,0.0,0.0,0.22361271325359725,0.11868113470049609,0.019424956543503357,0
0.5,0.0,0.0,0.18909750470523953,0.0942575104168124,0.016241807870330284,0
0.5,0.0,0.0,0.24821656244308174,0.08470673989624307,0.019737673056179232,0
0.5,0.0,0.0,0.24508226580049794,0.11704421939462735,0.020295764204675663,0
0.5,0.0,0.0,0.21213041102543864,0.10544829718405117,0.010502225887374634,0
0.5,0.0,0.0,0.23579321231254927,0.05223762228222759,0.01122619504607289,0
0.5,0.0,0.0,0.20316009956893932,0.04759150881600656,0.004637810111019794,0
0.5,0.0,0.0,0.1980146924898306,0.014986310052729572,0.003608725642545183,0
0.5,0.0,0.0,0.2364155181834739,0.1528750817643568,0.026052230623646352,0
0.5,0.0,0.0,0.2688664926233987,0.08581920064258837,0.010641368014204927,0
0.5,0.0,0.0,0.23623337987978862,0.05168205942364646,0.010012977958505743,0
0.5,0.0,0.0,0.20830550664804803,0.09372470662716047,0.010488389219350205,0
0.5,0.0,0.0,0.2818590249529475,0.09220126173819997,0.016912783254607208,0
0.5,0.0,0.0,0.27991621638030467,0.1719562018035482,0.027618787412300328,0
0.5,0.0,0.0,0.2564355533968793,0.14911755383323297,0.027332510257902374,0
0.5,0.0,0.0,0.19487280675125976,0.037760848367674966,0.010393653353348676,0
0.5,0.0,0.0,0.21940835407686238,0.13512243584423678,0.012060292936114466,0
0.5,0.0,0.0,0.193992471616781,0.09240881286245378,0.0073836613080128935,0
0.5,0.0,0.0,0.2418189545261369,0.15225025985212862,0.012324162547807835,0
0.5,0.0,0.0,0.2618389897395423,0.08964622072769275,0.019800436670237596,0
0.5,0.0,0.0,0.2635465363365916,0.1533525136293236,0.05134723516483818,0
0.5,0.0,0.0,0.24320016999575006,0.10684645417555778,0.020412900005215347,0
0.5,0.0,0.0,0.26742456438589035,0.12676071718869636,0.019445098790920844,0
0.5,0.0,0.0,0.2576953433307024,0.10849460774296162,0.008017684741705198,0
0.5,0.0,0.0,0.26472284621455894,0.09627943683722298,0.013163153945523663,0
0.5,0.0,0.0,0.18007406957683197,0.1571995944704052,0.04076534438268409,0
0.5,0.0,0.0,0.17058769959322442,0.11323860215832968,0.03614820354979855,0
0.5,0.0,0.0,0.2091858417825268,0.027788180370693062,0.012217061770617784,0
0.5,0.0,0.0,0.20774391354501848,0.05972971422979854,0.016611227459020748,0
0.5,0.0,0.0,0.24608402647076671,0.0767473382890982,0.007211629242050307,0
0.5,0.0,0.0,0.2814795701536033,0.1300030580644667,0.01686861760808481,0
0.5,0.0,0.0,0.22506223058709252,0.08536138452387135,0.006067740888438241,0
0.5,0.0,0.0,0.24502155303260276,0.05694691300248433,0.016977778370403977,0
0.5,0.0,0.0,0.24966607977657698,0.1039404982720238,0.015814153787846782,0
0.5,0.0,0.0,0.22631443142492866,0.1152650916943603,0.025272471659617355,0
0.5,0.0,0.0,0.1968156153239026,0.10954635644788979,0.009418009334410688,0
0.5,0.0,0.0,0.2335316617084572,0.10978460617970597,0.016456329280109275,0
0.5,0.0,0.0,0.224561350251958,0.09417540259023499,0.013928538833728698,0
0.5,0.0,0.0,0.2185356080383704,0.07203914243404455,0.006472621934357426,0
0.5,0.0,0.0,0.24269170056462885,0.1582966776583834,0.029416845508347462,0
0.5,0.0,0.0,0.2654817558132475,0.10796582316815166,0.017889024210257027,0
0.5,0.0,0.0,0.25110800801408534,0.12261361502741064,0.01578760368965084,0
0.5,0.0,0.0,0.2698075405257725,0.07693179128939241,0.013187880392141029,0
0.5,0.0,0.0,0.25122943354987565,0.09256123222600243,0.01863752296650901,0
0.5,0.0,0.0,0.25110800801408534,0.16315080138587904,0.011933077474838832,0
0.5,0.0,0.0,0.26798615748892,0.15878735386048307,0.02684055048694225,0
0.5,0.0,0.0,0.22185963208062662,0.10524493480215454,0.016049391759950196,0
0.5,0.0,0.0,0.21483212919677003,0.22458981917057974,0.021261364108771708,0
0.5,0.0,0.0,0.2838625462934855,0.19004368575732739,0.04047301571293019,0
0.5,0.0,0.0,0.16744581385465357,0.07416487620299111,0.00561694028305082,0
0.5,0.0,0.0,0.30476291664136956,0.22612342158316542,0.04431397208482069,0
0.5,0.0,0.0,0.240938619391658,0.083358212084841,0.01733071769312811,0
0.5,0.0,0.0,0.21589460263493407,0.10313723452264817,0.009123565423932887,0
0.5,0.0,0.0,0.17297067573310668,0.08180305142322625,0.014249523872402765,0
0.0,0.3333333333333333,0.0,1.0,0.8786820343265106,0.853946292797376,0
0.5,0.0,0.0,0.2430635662679861,0.15023563017852268,0.024274805817259153,0
0.5,0.0,0.0,0.18602392083055067,0.05500953136668371,0.0009571483277463003,0
0.5,0.0,0.0,0.2268760245279583,0.11816954304119605,0.01806872200906504,0
0.5,0.0,0.0,0.250667840446846,0.09258122234551508,0.01358994357070906,0
0.5,0.0,0.0,0.2726306842328942,0.08713007921830077,0.022063094119737302,0
0.5,0.0,0.0,0.23534545564932302,0.15909881828797007,0.02615629457214194,0
0.5,0.0,0.0,0.21827757877481635,0.06562844531564009,0.022034712240493772,0
0.5,0.0,0.0,0.24608402647076671,0.15057861966020913,0.011387027212951031,0
0.5,0.0,0.0,0.2586363912330764,0.16975313523303853,0.014050409736000443,0
0.5,0.0,0.0,0.2817983121850526,0.11245849304208572,0.019860573230427836,0
0.5,0.0,0.0,0.3070851800133568,0.1201821313209721,0.03457201165374179,0
0.5,0.0,0.0,0.24370105033088454,0.09530404615064506,0.027393838946609277,0
0.5,0.0,0.0,0.240938619391658,0.06629294373009512,0.012307643577138972,0
0.5,0.0,0.0,0.2153330095319045,0.1305447479213791,0.011902321736100159,0
0.5,0.0,0.0,0.2637817983121851,0.09034720287616992,0.02199827060299124,0
0.5,0.0,0.0,0.2570730374597778,0.09155109546243431,0.007906287418967003,0
0.5,0.0,0.0,0.23867706878756595,0.09613250592698211,0.019305914206753223,0
0.5,0.0,0.0,0.23026835043409638,0.11020057725672971,0.0069114595937616085,0
0.5,0.0,0.0,0.28436342662861996,0.11684677634847325,0.032491626053276226,0
0.5,0.0,0.0,0.20774391354501848,0.05871127768162707,0.010369666801844585,0
0.5,0.0,0.0,0.23208214437496197,0.1340603954064005,0.018301311744191404,0
0.5,0.0,0.0,0.20974743488555647,0.05396641443774305,0.005051110569353002,0
0.5,0.0,0.0,0.2040404347034181,0.08633904264096627,0.0225475617962434,0
0.5,0.0,0.0,0.23949669115414965,0.07292418201861343,0.022094982283899563,0
0.5,0.0,0.0,0.21194827272175337,0.035703780306071874,0.01172957712388452,0
0.5,0.0,0.0,0.25016696011171147,0.1305019069055332,0.018106781959474624,0
0.5,0.0,0.0,0.22229979964786595,0.09879903246973924,0.007897779401849428,0
0.5,0.0,0.0,0.2912087912087911,0.15432911926309448,0.020475975943368894,0
0.0,0.3333333333333333,0.0,0.9015238904741667,0.7673034527478325,0.4916196917308861,0
0.5,0.0,0.0,0.27677433064173396,0.11327206971530873,0.02569052315939253,0
0.5,0.0,0.0,0.20862424867949725,0.0346648168012561,0.011748566989473196,0
0.5,0.0,0.0,0.20246190273814582,0.04647566458300172,0.00875724085766989,0
0.5,0.0,0.0,0.23057950336955868,0.1013901545864197,0.02128100275061639,0
0.5,0.0,0.0,0.226564871592496,0.05272533175280948,0.009782022065028892,0
0.5,0.0,0.0,0.2749529476048812,0.09663369283503055,0.031618882114992024,0
0.5,0.0,0.0,0.2775939530083177,0.24885808561378273,0.01721997745959357,0
0.5,0.0,0.0,0.16808329791755203,0.12352484661309357,0.017411819699506614,0
0.5,0.0,0.0,0.337775484184324,0.14174748637844659,0.05064994157647574,0
0.5,0.0,0.0,0.22418189545261363,0.13845662531506778,0.010258706059175358,0
0.5,0.0,0.0,0.23529233197741478,0.14532760376480786,0.010471971194805231,0
0.5,0.0,0.0,0.29076862364155176,0.10593332953262072,0.031332009253065396,0
0.5,0.0,0.0,0.2173365308724425,0.048941986193834656,0.01780863987699686,0
0.5,0.0,0.0,0.21526470766802255,0.06140675104762177,0.012435674254003428,0
0.5,0.0,0.0,0.2696785258939955,0.17250413592394087,0.030080309107065377,0
0.5,0.0,0.0,0.17755448970918586,0.041579589859115605,0.0,0
0.5,0.0,0.0,0.2189150628377148,0.04037660848324591,0.0035238115927139933,0
0.5,0.0,0.0,0.20698500394632993,0.08073225912741273,0.01022552721179394,0
0.5,0.0,0.0,0.24972679254447214,0.11904365516467456,0.02460674958407663,0
0.5,0.0,0.0,0.19475138121546967,0.026710762374489664,0.006314077149631722,0
0.5,0.0,0.0,0.24370105033088454,0.0781563379779376,0.025673241443077022,0
0.5,0.0,0.0,0.2706878756602514,0.10104786440573385,0.014347666257413306,0
0.5,0.0,0.0,0.2200382490437739,0.13830167010243616,0.017083199090393648,0
0.5,0.0,0.0,0.22229221055187903,0.049937013817601475,0.013083944353696244,0
0.0,0.3333333333333333,0.0,0.8341175399186449,0.624674840044962,0.722752275802226,0
0.5,0.0,0.0,0.20968672211766132,0.03466108719591955,0.010761768148937955,0
0.5,0.0,0.0,0.2576953433307024,0.07364653169766502,0.01173175795451559,0
0.5,0.0,0.0,0.26372108554428997,0.11449077476822257,0.014629591901382834,0
0.5,0.0,0.0,0.208176492016271,0.10407518788293052,0.018189707647804868,0
0.5,0.0,0.0,0.25475077408779073,0.08490578639014602,0.02032610543223477,0
0.5,0.0,0.0,0.23202902070305395,0.1089628003583445,0.014937254270184568,0
0.5,0.0,0.0,0.24752595470827504,0.17574931638559232,0.01327080615299495,0
0.5,0.0,0.0,0.24269928966061555,0.06930638007833007,0.010872306892514127,0
0.5,0.0,0.0,0.24326088276364521,0.08491752617058064,0.006481110365746287,0
0.5,0.0,0.0,0.19512324691882701,0.07141347994788645,0.010122690345742319,0
0.0,0.3333333333333333,0.0,0.2784135753749014,0.21826949434512374,0.11743722653897898,1
0.0,0.3333333333333333,0.0,0.2830581021188756,0.2127272725603138,0.13149635165771198,1
0.0,0.3333333333333333,0.0,0.2320441988950276,0.30593299895396586,0.12130289975213025,1
0.0,0.5,0.2,0.33785137514419283,0.24895982331390293,0.24994325546927226,1
0.0,0.5,0.2,0.31845364580171204,0.2633727489280051,0.2465291736285638,1
0.0,0.3333333333333333,0.0,0.20530022463724115,0.2012829362030029,0.10097762238271071,1
0.0,0.3333333333333333,0.0,0.40764070183959683,0.3248824173047076,0.2735811507619592,1
0.0,0.3333333333333333,0.0,0.35014571064294825,0.18390084917674515,0.16897008153162538,1
0.0,0.5,0.2,0.3557312852892963,0.16862018991192762,0.09619125634373298,1
0.0,0.3333333333333333,0.0,0.23579321231254927,0.06372638897584038,0.0469603290792334,1
0.0,0.5,0.2,0.31657154999696435,0.184349150563666,0.18450570981676812,1
0.0,0.5,0.2,0.3570517879910145,0.2748751413956604,0.256163288243118,1
0.0,0.5,0.2,0.34876449517333485,0.15764771926616428,0.13829780699925384,1
0.0,0.5,0.2,0.30151478355898237,0.21314895106368598,0.1384013784184619,1
0.0,0.3333333333333333,0.0,0.29617205998421475,0.10561565615988575,0.11087563277450506,1
0.0,0.3333333333333333,0.0,0.23529233197741478,0.12610230763749924,0.08882205571719784,1
0.0,0.3333333333333333,0.0,0.2164106611620423,0.2048850356571814,0.13662514202452833,1
0.0,0.3333333333333333,0.0,0.28920526986825335,0.13088725707510546,0.11942828040412956,1
0.0,0.3333333333333333,0.0,0.23573249954465433,0.07411215314573245,0.08670197054757435,1
0.0,0.3333333333333333,0.0,0.22029627830732795,0.285647414173146,0.13605185862602548,1
0.0,0.3333333333333333,0.0,0.27771537854410777,0.13845529028588474,0.0995272557541832,1
0.0,0.3333333333333333,0.0,0.22600327848946633,0.0808893970068038,0.07327714486962851,1
0.0,0.3333333333333333,0.0,0.2858205330581022,0.09761632375924104,0.09153834571274638,1
0.0,0.5,0.2,0.2614595349401979,0.12074951872374545,0.10833440016652528,1
0.0,0.3333333333333333,0.0,0.3086029992107339,0.18816920589335007,0.10835637030970542,1
0.0,0.3333333333333333,0.0,0.28914455710035813,0.14718159905401956,0.10997827971367855,1
0.0,0.3333333333333333,0.0,0.3012567542954283,0.20269921144770714,0.1318347929591884,1
0.0,0.3333333333333333,0.0,0.26271932487402094,0.10655536130449274,0.09608007544215019,1
0.0,0.5,0.2,0.3220356991075223,0.2013825194909494,0.166523036520034,1
0.0,0.3333333333333333,0.0,0.24966607977657698,0.09748416999741731,0.07987755802134391,1
0.0,0.3333333333333333,0.0,0.28920526986825335,0.1386745599996339,0.0899265887621941,1
0.0,0.5,0.2,0.33294881913666435,0.1650784351895498,0.1491577079600785,1
0.0,0.3333333333333333,0.0,0.2472831036366948,0.09854143541023927,0.08626055458012302,1
0.0,0.5,0.2,0.2566935826604336,0.2402785311647271,0.1851975514993244,1
0.0,0.3333333333333333,0.0,0.2066662619148807,0.06650503677902986,0.07259866507365179,1
0.0,0.6666666666666666,0.8,0.42169570760730984,0.26124913425299995,0.18472118154194736,1
0.0,0.6666666666666666,0.4,0.2783452735110193,0.23394179042487268,0.1552220958116819,1
0.0,0.5,0.2,0.2900248922348371,0.24882639103206788,0.20543010048631646,1
0.0,0.3333333333333333,0.0,0.32542043591767345,0.1839541443893679,0.14260913334215952,1
0.0,0.3333333333333333,0.0,0.21074919555582536,0.0739171470576109,0.07382966717751607,1
0.0,0.5,0.2,0.3096654726488981,0.24403930130958099,0.23605687428834682,1
0.0,0.3333333333333333,0.0,0.17717503490984157,0.20814632123278662,0.07242458173655741,1
0.0,0.5,0.2,0.3276819865217655,0.2641059907499148,0.21511150868068804,1
0.0,0.3333333333333333,0.0,0.33878483395057973,0.10221744179744265,0.07037557036780721,1
0.0,0.3333333333333333,0.0,0.2775939530083177,0.13949681789436957,0.13280654609215145,1
0.0,0.5,0.2,0.41284682168660075,0.14997849225604318,0.16930794967547416,1
0.0,0.5,0.2,0.27056645012446107,0.10773323141715846,0.09561923388382865,1
0.0,0.3333333333333333,0.0,0.31889381336895156,0.19652584578707774,0.17665187554300849,1
0.0,0.3333333333333333,0.0,0.2379257482848643,0.07103473428776431,0.05321185591930416,1
0.0,0.3333333333333333,0.0,0.24822415153906865,0.1059083736696391,0.08202070705424873,1
0.0,0.3333333333333333,0.0,0.25204905591645915,0.1006993017069817,0.08154436351408176,1
0.0,0.3333333333333333,0.0,0.23246159917430637,0.017954715654712638,0.031149464587977668,1
0.0,0.3333333333333333,0.0,0.29899520369133625,0.18678610859611944,0.12353481154182122,1
0.0,0.3333333333333333,0.0,0.23191518426325053,0.23256883652397423,0.12217453421780121,1
0.0,0.3333333333333333,0.0,0.261717564203752,0.11213196185667645,0.08708476755282653,1
0.0,0.3333333333333333,0.0,0.3573705300224638,0.24116677764479375,0.22138508431244494,1
0.0,0.5,0.2,0.30414061077044496,0.1212132612418516,0.16786023006589804,1
0.0,0.5,0.2,0.27753324024042253,0.23465949222454643,0.199477371397827,1
0.0,0.5,0.2,0.22211766134418068,0.13774278026636722,0.12690761397457923,1
0.0,0.3333333333333333,0.0,0.25575253475805954,0.10296553846788065,0.060546289221290905,1
0.0,0.3333333333333333,0.0,0.34864306963754477,0.14857436648326872,0.11846637012973746,1
0.0,0.5,0.2,0.34506101633173447,0.17025566423391628,0.1587901307345062,1
0.0,0.3333333333333333,0.0,0.2807282496509015,0.10476530614313548,0.05251670947649968,1
0.0,0.5,0.2,0.30470220387347463,0.17033314537205532,0.16417113492583124,1
0.0,0.5,0.2,0.2924002792787323,0.10134614806890616,0.12709854061933196,1
0.0,0.5,0.2,0.3287444599599297,0.21287132856644092,0.15748535862613514,1
0.0,0.3333333333333333,0.0,0.29234715560682406,0.13096699151646882,0.09272264649913795,1
0.0,0.5,0.2,0.2740194887984943,0.14378992562820844,0.11246734615259524,1
0.0,0.5,0.2,0.3858751745492077,0.43978342040537305,0.32795032092637916,1
0.0,0.3333333333333333,0.0,0.2902070305385223,0.09550887777100764,0.10993288388541023,1
0.0,0.5,0.2,0.2813657337137999,0.14703804456679181,0.12176839027390479,1
0.0,0.5,0.2,0.279164895877603,0.12241083186452455,0.0815551696759877,1
0.0,0.3333333333333333,0.0,0.3456833222026593,0.10339722615830195,0.11158603357112827,1
0.0,0.5,0.2,0.23133082387226034,0.062244344118845836,0.036879190656862876,1
0.0,0.5,0.2,0.2730101390322384,0.1190526401229855,0.14432135665705198,1
0.0,0.3333333333333333,0.0,0.27162892356262525,0.1050008222437674,0.05303605286324244,1
0.0,0.5,0.2,0.2793546232772752,0.20414139614766674,0.14481052049070167,1
0.0,0.3333333333333333,0.0,0.3546005099872503,0.1643672813901544,0.11160315458305925,1
0.0,0.5,0.2,0.24031631352073338,0.11378149283514205,0.11389109389392016,1
0.0,0.5,0.2,0.2708851921559103,0.14862513291045493,0.15130437897524654,1
0.0,0.3333333333333333,0.0,0.27294942626434343,0.11092048997774875,0.1005588179961684,1
0.0,0.3333333333333333,0.0,0.3737477991621637,0.3763030087905881,0.21565520060252527,1
0.0,0.5,0.2,0.3262400582842572,0.3273928513877513,0.22809786399874277,1
0.0,0.3333333333333333,0.0,0.2897061502033878,0.24928733634617165,0.18323316132054626,1
0.0,0.5,0.2,0.3079123914759274,0.2408264935397055,0.18810740433705442,1
0.0,0.3333333333333333,0.0,0.2858205330581022,0.10464425643356393,0.09860892646345726,1
0.0,0.5,0.2,0.237614595349402,0.12409893741636782,0.1106038282407158,1
0.0,0.3333333333333333,0.0,0.25016696011171147,0.1701916887878295,0.11153162521269397,1
0.0,0.5,0.2,0.30414061077044496,0.10953128262632095,0.10014921132184346,1
0.0,0.5,0.2,0.2816161738813673,0.18457697435329132,0.1445553297965939,1
0.0,0.3333333333333333,0.0,0.30872442474652423,0.15578434345443914,0.08699477350474438,1
0.0,0.5,0.2,0.2511687207819805,0.08733165449764031,0.11498459853908519,1
0.0,0.3333333333333333,0.0,0.3049602331370287,0.26710880337385745,0.18067683707519908,1
0.5,0.3333333333333333,0.4,0.18590249529476044,0.16849702110841483,0.08555158756334925,1
0.0,0.3333333333333333,0.0,0.2886436767652237,0.09513587485546642,0.07618720588313105,1
0.0,0.5,0.2,0.33747192034484846,0.2692154441063932,0.2085993373414512,1
0.0,0.5,0.2,0.2890762552364763,0.1595054088424804,0.1681430611517147,1
0.0,0.3333333333333333,0.0,0.3278717139214377,0.13990771020958057,0.11901943161822524,1
0.0,0.3333333333333333,0.0,0.30288840993260885,0.15393610503710115,0.05861078767745963,1
0.0,0.3333333333333333,0.0,0.3348309149414122,0.19812848828026977,0.1308669760103578,1
0.0,0.5,0.2,0.3116082812215409,0.137287139750763,0.14293684546715058,1
0.0,0.3333333333333333,0.0,0.30168933276668075,0.06917537062723472,0.050254669979458405,1
0.0,0.5,0.2,0.35730222815858165,0.1897378863743101,0.1974228194274477,1
0.0,0.3333333333333333,0.0,0.2509865824782952,0.1354427368934588,0.13099329209574007,1
0.0,0.5,0.2,0.4387104608099083,0.4297100389370091,0.34188025975322706,1
0.0,0.5,0.2,0.29416094954768984,0.14203436931621485,0.07355800601991418,1
0.0,0.5,0.2,0.2703843118207758,0.19956881524120737,0.1670786231449448,1
0.0,0.3333333333333333,0.0,0.29687025681500817,0.31649860356300646,0.20900386608785887,1
0.0,0.3333333333333333,0.0,0.30690304170967153,0.14846874377758978,0.10900635146891595,1
0.0,0.5,0.2,0.2862607006253415,0.20114910835696553,0.17238496105269216,1
0.0,0.5,0.2,0.2596381519033452,0.13341702435853994,0.12088345538143168,1
0.0,0.5,0.2,0.2121987128893206,0.21426591135283318,0.14343910018627742,1
0.0,0.3333333333333333,0.0,0.22399975714892836,0.18876479137283525,0.09995990781375132,1
0.0,0.5,0.2,0.31951611923987616,0.1519615191753385,0.19686808051430657,1
0.0,0.5,0.2,0.27439135450185176,0.11327479628284655,0.11174721223438497,1
0.0,0.3333333333333333,0.0,0.341236111954344,0.14736825591201264,0.1049608758753516,1
0.0,0.5,0.2,0.3264829093558376,0.18736127307365735,0.20422064346008995,1
0.0,0.3333333333333333,0.0,0.2602073341023618,0.12640636936348473,0.08466964511012845,1
0.0,0.5,0.2,0.2715682107947301,0.1456670896778447,0.12459763981083274,1
0.0,0.3333333333333333,0.0,0.1975138121546961,0.21630038280937602,0.09843950171004913,1
0.0,0.3333333333333333,0.0,0.2524285107158035,0.10104143648744536,0.0905446307848829,1
0.0,0.3333333333333333,0.0,0.2900173031388501,0.0977976334368555,0.08196566419680279,1
0.0,0.5,0.2,0.34067451885131433,0.27009707901336316,0.23741026209845342,1
0.0,0.5,0.0,0.30269868253293664,0.16728213748824175,0.14570444576944822,1
0.0,0.5,0.2,0.27458108190152397,0.13386871629576674,0.13026164206782556,1
0.0,0.3333333333333333,0.0,0.3367130107461599,0.2927546080245186,0.20230595587414665,1
0.0,0.3333333333333333,0.0,0.2662937890838443,0.12913557870502448,0.1271746952348123,1
0.0,0.5,1.0,0.38730951369072913,0.323915580694006,0.21769010022160773,1
0.0,0.3333333333333333,0.0,0.32027502883856473,0.22020320994840584,0.1622046947987034,1
0.0,0.5,0.2,0.3048388076012386,0.2858876770442065,0.14423747668063625,1
0.0,0.3333333333333333,0.0,0.27809483334345214,0.24538381696978767,0.16442451625242321,1
0.0,0.3333333333333333,0.0,0.3148108797280068,0.055029606249953976,0.04700694037438187,1
0.0,0.3333333333333333,0.0,0.29699168235079826,0.1868227689213034,0.10905081154788328,1
0.0,0.3333333333333333,0.0,0.2844393175884888,0.13944333902693856,0.11513410610460563,1
0.0,0.3333333333333333,0.0,0.21715439256875724,0.17084456044019355,0.10455473970264487,1
0.0,0.3333333333333333,0.0,0.31506890899156087,0.12304585368225662,0.08933646857386486,1
0.0,0.5,0.2,0.3276819865217655,0.15316277702146927,0.1361606717917139,1
0.0,0.5,0.2,0.33131716349948404,0.17159396388522857,0.16517948274912467,1
0.0,0.3333333333333333,0.0,0.264980875478113,0.16351544800764517,0.12353117695324035,1
0.0,0.5,0.2,0.33634873413878935,0.2233472248653015,0.22601521713704154,1
0.0,0.3333333333333333,0.0,0.24878574464209832,0.1159017169598414,0.10889464766426675,1
0.0,0.3333333333333333,0.0,0.23416155667536875,0.09856894124959675,0.061360846646075475,1
0.0,0.3333333333333333,0.0,0.3082842571792847,0.14635535019902782,0.13736231655195869,1
0.0,0.3333333333333333,0.0,0.25637484062898436,0.1286422748264376,0.10176444909468942,1
0.0,0.3333333333333333,0.0,0.22243640337562992,0.2369768415313084,0.09679843586664479,1
0.0,0.3333333333333333,0.0,0.2317102786716047,0.10581734445756875,0.08605455793856873,1
0.0,0.5,0.2,0.2446420982332584,0.11951353599156392,0.11879313315797375,1
0.0,0.3333333333333333,0.0,0.23210491166292274,0.1925167390232471,0.10297248498745812,1
0.0,0.3333333333333333,0.0,0.35811426142917846,0.19280012545601236,0.1822982593178756,1
0.0,0.5,0.2,0.2494839414728917,0.10323208516745926,0.11263843134400257,1
0.0,0.3333333333333333,0.0,0.26441928237508355,0.09859403132186144,0.11815471547385938,1
0.0,0.3333333333333333,0.0,0.22581355108979415,0.08336971170129566,0.06289727040897701,1
0.0,0.3333333333333333,0.0,0.27765466577621284,0.10257065237557246,0.09982656874549693,1
0.0,0.5,0.2,0.3472618541679316,0.22435145642041993,0.19139565631458874,1
0.0,0.5,0.2,0.3215348187723878,0.24611763801070805,0.20325575835543946,1
0.0,0.3333333333333333,0.0,0.24119664865521226,0.07694492967182823,0.09505323448458915,1
0.0,0.3333333333333333,0.0,0.28500091069151845,0.1371174003260678,0.12036099881345139,1
0.0,0.5,0.2,0.253991864489102,0.0992489584953484,0.11496031807891821,1
0.0,0.3333333333333333,0.0,0.21282860785623214,0.09795535759890385,0.09142942298239522,1
0.0,0.5,0.2,0.2618389897395423,0.14079318774023067,0.12232909933766764,1
0.0,0.3333333333333333,0.0,0.22425778641248262,0.17511013408008894,0.08994014117402162,1
0.0,0.5,0.2,0.4289812397547205,0.27044691316848,0.2624663525669108,1
0.0,0.5,0.2,0.3303229919252019,0.1473654304534242,0.1688442568188712,1
0.0,0.3333333333333333,0.0,0.23404013113957864,0.06561773682759023,0.05888058812203029,1
0.0,0.3333333333333333,0.0,0.3410539736506587,0.1487889176811753,0.1459295978400613,1
0.0,0.5,0.2,0.365278368040799,0.3827059076432887,0.3035329077339882,1
0.0,0.3333333333333333,0.0,0.2570654483637908,0.10414792931428755,0.059389665223570566,1
0.0,0.3333333333333333,0.0,0.26121668386861746,0.08061776448176616,0.11470405656545131,1
0.0,0.5,0.2,0.40023374415639607,0.278075757311727,0.26901456358278386,1
0.0,0.3333333333333333,0.0,0.34205573432092773,0.1433864360144988,0.13522203652736653,1
0.0,0.3333333333333333,0.0,0.46507498026835054,0.4131399675181044,0.3018827419545244,1
0.0,0.3333333333333333,0.0,0.4835164835164834,0.3938227521592703,0.32828749022164977,1
0.0,0.3333333333333333,0.0,0.25989618116689944,0.10242542380413124,0.08567548582563829,1
0.0,0.5,0.2,0.3467609738327971,0.2504278397690064,0.22328197861935206,1
0.0,0.3333333333333333,0.0,0.3001335680893692,0.15431687090011392,0.14257851082505532,1
0.0,0.3333333333333333,0.0,0.24313186813186818,0.09693531053933709,0.08831493413199622,1
0.0,0.5,0.2,0.28129743184991807,0.15289973389054012,0.1372982238097001,1
0.0,0.5,0.2,0.2698075405257725,0.11345891729175643,0.11203888559207495,1
0.0,0.3333333333333333,0.0,0.27677433064173396,0.052812723186947165,0.0582301046006869,1
0.0,0.3333333333333333,0.0,0.18087851375144195,0.2086885479268307,0.080512489500297,1
0.0,0.3333333333333333,0.0,0.2531798312185052,0.09118332670892802,0.12051425468218072,1
0.0,0.3333333333333333,0.0,0.31192702325299015,0.1343604591084835,0.1256850704254529,1
0.0,0.3333333333333333,0.0,0.2831795276546657,0.09236502531798091,0.08303898314977541,1
0.0,0.3333333333333333,0.0,0.24200868192580907,0.07066850540918858,0.05086937458579417,1
0.0,0.5,0.2,0.3245401007831948,0.17010370400738828,0.15961709888064146,1
0.0,0.3333333333333333,0.0,0.2663620909477264,0.12241887029420849,0.09578376360780526,1
0.0,0.5,0.2,0.32309817254568646,0.12341566382959313,0.1477248552457085,1
0.0,0.3333333333333333,0.0,0.278034120575557,0.22529634628153658,0.1324875905272186,1
0.0,0.5,0.2,0.28198803958472474,0.1355100675716192,0.10234576482696807,1
0.0,0.3333333333333333,0.0,0.2835589824540101,0.13807276557490078,0.10415404717548474,1
0.0,0.3333333333333333,0.0,0.40193370165745845,0.27414738802705846,0.2006523667811764,1
0.0,0.3333333333333333,0.0,0.2905864853378665,0.1826957133887019,0.13691479003922669,1
0.0,0.3333333333333333,0.0,0.26071580353348317,0.10051830989345838,0.07466779734678655,1
0.0,0.3333333333333333,0.0,0.25656456802865635,0.08600265766873011,0.07235816342750674,1
0.0,0.3333333333333333,0.0,0.268115172120697,0.08319983100367094,0.06642737628722778,1
0.0,0.3333333333333333,0.0,0.237614595349402,0.1319298866124398,0.08646563256936553,1
0.0,0.5,0.2,0.2731998664319106,0.21091551787699794,0.17454201586743487,1
0.0,0.3333333333333333,0.0,0.27050573735656613,0.18454199517596742,0.1120647519191768,1
0.0,0.3333333333333333,0.0,0.2890838443324632,0.25022841183819394,0.1469594956763209,1
0.0,0.5,0.2,0.37104608099083236,0.22142669002633397,0.1982502931651884,1
0.0,0.3333333333333333,0.0,0.6114989982393296,0.6514265362507502,0.5544019598281174,2
0.0,0.3333333333333333,0.0,0.7224667597595775,0.6599946122742909,0.5829841544522342,2
0.0,0.3333333333333333,0.0,0.7454465424078683,0.7192910141749796,0.6461973092825983,2
0.0,0.3333333333333333,0.0,0.646712403618481,0.4263604789714574,0.509029029910446,2
0.0,0.3333333333333333,0.0,0.6573826725760427,0.5624381105370118,0.5796910504325863,2
0.0,0.3333333333333333,0.0,0.6370438953311882,0.5520188505555548,0.5253887760389383,2
0.0,0.3333333333333333,0.0,0.7172606399125736,0.6444754136681518,0.5892349199605599,2
0.0,0.3333333333333333,0.0,0.5453524376176309,0.5617138112915343,0.4375573416919065,2
0.0,0.3333333333333333,0.0,0.5011687207819805,0.3914720483138728,0.31212716402962437,2
0.0,0.3333333333333333,0.0,0.8564143039281161,0.8919287448446244,0.7313960069986201,2
0.0,0.3333333333333333,0.0,0.6860694554064719,0.5780264410511614,0.5612839223059404,2
0.0,0.3333333333333333,0.0,0.44303624552243326,0.4332267600962943,0.31460222522018605,2
0.0,0.3333333333333333,0.0,0.4724819379515513,0.41348126878828434,0.3571921198606223,2
0.0,0.5,0.2,0.5882763645194584,0.5135657577700872,0.4694523213815453,2
0.0,0.3333333333333333,0.0,0.6648503430271385,0.554891670893494,0.5209035149252166,2
0.0,0.3333333333333333,0.0,0.9394390140246495,1.0,0.7177088149590636,2
0.0,0.5,0.2,0.7068332220265923,0.6172142590242976,0.6088825016344596,2
0.0,0.3333333333333333,0.0,0.6829882824357963,0.7078330379163335,0.575242737776536,2
0.0,0.3333333333333333,0.0,0.6739420800194281,0.6804390372733014,0.6065691200578655,2
0.0,0.3333333333333333,0.0,0.6341600388561716,0.6719531043945707,0.6009658527532068,2
0.0,0.3333333333333333,0.0,0.7224667597595775,0.6236056088150183,0.5954282474547812,2
0.0,0.3333333333333333,0.0,0.7958988525286868,0.6926834304844903,0.6854532626821425,2
0.0,0.5,0.2,0.8096502944569244,0.6515667072513185,0.6991175715774742,2
0.0,0.3333333333333333,0.0,0.5062382369012203,0.5503319105053793,0.40217831028926787,2
0.0,0.3333333333333333,0.0,0.741864489102058,0.668736708292288,0.5009177844830331,2
0.0,0.3333333333333333,0.0,0.6735170906441624,0.6043309519261713,0.5025189675674594,2
0.0,0.5,0.2,0.6449517333495235,0.6224239596514909,0.5034327232474406,2
0.0,0.3333333333333333,0.0,0.5261368465788355,0.5436579442193588,0.46560268465027393,2
0.0,0.3333333333333333,0.0,0.7465090158460324,0.6429486841835824,0.5868153648534516,2
0.0,0.3333333333333333,0.0,0.669677008074798,0.6465752450454895,0.5831129295243983,2
0.0,0.3333333333333333,0.0,0.7114929269625403,0.6237276686260351,0.5973635527712688,2
0.0,0.3333333333333333,0.0,0.7697923623337988,0.6837094278892074,0.6617803601361663,2
0.0,0.3333333333333333,0.0,0.7236658369255053,0.604734667576568,0.58506948223987,2
0.0,0.3333333333333333,0.0,0.6799222876570944,0.6727660100213788,0.5631504099664627,2
0.0,0.3333333333333333,0.0,0.8220053427235747,0.727332714327157,0.67160689907797,2
0.0,0.3333333333333333,0.0,0.66409143342845,0.5717696042801855,0.5425844907068654,2
0.0,0.3333333333333333,0.0,0.6954799344302106,0.5898853710744342,0.6024150410042005,2
0.0,0.3333333333333333,0.0,0.6755206119847004,0.5651285687140122,0.5526577049257659,2
0.0,0.3333333333333333,0.0,0.7364610527593953,0.5729207526182519,0.6240738147448396,2
0.0,0.3333333333333333,0.0,0.63145832068484,0.601204490170756,0.5535432995319315,2
0.0,0.3333333333333333,0.0,0.5727187177463421,0.6503456853223623,0.548423395571668,2
0.0,0.3333333333333333,0.0,0.7313763584481815,0.6332147603736696,0.5311123945508898,2
0.0,0.3333333333333333,0.0,0.6910327241818955,0.6923486772145887,0.6109037415568983,2
0.0,0.3333333333333333,0.0,0.7100358205330581,0.5753535996084592,0.5487128626106876,2
0.0,0.5,0.2,0.40211583996114375,0.4031563014235672,0.2769908848504528,2
0.0,0.3333333333333333,0.0,0.7408627284317891,0.5821826270618087,0.5880407680348824,2
0.0,0.3333333333333333,0.0,0.5302804929876753,0.5524211676039503,0.4436602717453019,2
0.0,0.3333333333333333,0.0,0.7957774269928967,0.6854927090135994,0.6219940667333896,2
0.0,0.3333333333333333,0.0,0.6133203812761824,0.5334980895908984,0.5081987560259229,2
0.0,0.3333333333333333,0.0,0.6942808572642828,0.5953541733178258,0.5695947341496485,2
0.0,0.3333333333333333,0.0,0.6819865217655273,0.5249944269595257,0.53944943044313,2
0.0,0.3333333333333333,0.0,0.4773161920951977,0.3345239910006602,0.32846362554953384,2
0.0,0.3333333333333333,0.0,0.7264889806326271,0.6954967184099727,0.5974221088362343,2
0.0,0.3333333333333333,0.0,0.6817892052698682,0.7251931923202991,0.5827753762535106,2
0.0,0.3333333333333333,0.0,0.5455952886892113,0.608247214120789,0.45168724905274066,2
0.0,0.3333333333333333,0.0,0.781904559528869,0.8597173726266846,0.7174827014298201,2
0.0,0.3333333333333333,0.0,0.6233683443628194,0.6814243947650498,0.5045207750061805,2
0.0,0.3333333333333333,0.0,0.5789873110315099,0.4935293713731134,0.47306266263626584,2
0.0,0.3333333333333333,0.0,0.7969082022949426,0.6855781438176646,0.6489677151839703,2
0.0,0.3333333333333333,0.0,0.6934688239936859,0.6003182709572263,0.5405525542919398,2
0.0,0.3333333333333333,0.0,0.7248497358994597,0.6347706980363961,0.5663911167783444,2
0.0,0.3333333333333333,0.0,0.6365430149960537,0.6495420189451377,0.584200979849401,2
0.0,0.5,0.0,0.6509774755631108,0.5675278704471294,0.5244725855516891,2
0.0,0.3333333333333333,0.0,0.3424351891202719,0.27107228604513284,0.20429345342358698,2
0.0,0.3333333333333333,0.0,0.5781676886649262,0.5807253402856946,0.48775700267007355,2
0.0,0.3333333333333333,0.0,0.4914243215348187,0.5516269311947645,0.4282410548689138,2
0.0,0.3333333333333333,0.0,0.670815372472831,0.7185332473725231,0.5551568707933862,2
0.5,0.16666666666666666,0.2,0.40958351041223967,0.3144952898510468,0.23106327143329958,2
0.0,0.3333333333333333,0.0,0.5981877238783316,0.5308408799978364,0.4812648495919197,2
0.0,0.3333333333333333,0.0,0.5825693643373202,0.351181743463208,0.44410087484209626,2
0.0,0.3333333333333333,0.0,0.7223453342237872,0.6091061888498803,0.5578939708373633,2
0.0,0.3333333333333333,0.0,0.709914394997268,0.6633961677415147,0.5799538759427628,2
0.0,0.3333333333333333,0.0,0.7684718596320805,0.6523568961910763,0.6290064816906742,2
0.0,0.3333333333333333,0.0,0.7672879606581265,0.7415127373898212,0.6893349756345399,2
0.0,0.3333333333333333,0.0,0.8105913423592982,0.7644693553198466,0.7038119338917297,2
0.0,0.3333333333333333,0.0,0.4882900248922349,0.4529344962139174,0.3467550325427144,2
0.0,0.3333333333333333,0.0,0.7965970493594804,0.7481473591649992,0.7591110188350737,2
0.0,0.3333333333333333,0.0,0.7517758484609314,0.7639469138995674,0.6335383968841679,2
0.0,0.3333333333333333,0.0,0.7528990346669905,0.798390504357002,0.6165612185156853,2
0.0,0.3333333333333333,0.0,0.632399368587214,0.5825311544423284,0.5076606696156352,2
0.0,0.3333333333333333,0.0,0.7488919919859147,0.603843087055367,0.6373197004107409,2
0.0,0.3333333333333333,0.0,0.6939165806569122,0.6826084455683775,0.5280611611781066,2
0.0,0.3333333333333333,0.0,0.7027654665776213,0.7386621251563866,0.6080459158529263,2
0.0,0.3333333333333333,0.0,0.47134357355351836,0.44323543856298486,0.3273444841016511,2
0.0,0.5,0.2,0.6659128164653028,0.5504827899939974,0.4993872008457389,2
0.0,0.5,0.2,0.7443688907777306,0.6123493208540552,0.6050991325185996,2
0.0,0.3333333333333333,0.0,0.6522296764009472,0.6023959931211104,0.5369654620992882,2
0.0,0.3333333333333333,0.0,0.6665503005282012,0.5466156272059989,0.5165170133338475,2
0.0,0.3333333333333333,0.0,0.8112136482302228,0.6403004878034172,0.6654002063493031,2
0.0,0.3333333333333333,0.0,0.6512355048266651,0.5639811499812825,0.6119807808307223,2
0.0,0.3333333333333333,0.0,0.7182624005828426,0.5786476463763963,0.6093885810000405,2
0.0,0.3333333333333333,0.0,0.6686145346366341,0.6014834900790628,0.49885928453381784,2
0.0,0.3333333333333333,0.0,0.5944994232287051,0.4908695199762713,0.44234021823240477,2
0.0,0.3333333333333333,0.0,0.6799071094651206,0.5929059558328976,0.536796669002832,2
0.0,0.3333333333333333,0.0,0.7727369315767106,0.8062976208529694,0.6462087934961466,2
0.0,0.5,0.2,0.5884053791512354,0.42298351205759865,0.34189706643333506,2
0.0,0.3333333333333333,0.0,0.5894147289174914,0.6338202985310323,0.5166517292471547,2
0.0,0.5,0.2,0.5831309574403497,0.5380823608322669,0.44767007396500763,2
0.0,0.3333333333333333,0.0,0.5506951611923987,0.6492714389034243,0.4996047225855929,2
0.0,0.3333333333333333,0.0,0.7156821079473014,0.5250324505684785,0.5401925244234208,2
0.0,0.3333333333333333,0.0,0.6886952826179344,0.5473590336151802,0.5477289711242684,2
0.0,0.3333333333333333,0.0,0.7630836014813916,0.6037065608963779,0.6497004174354324,2
0.0,0.3333333333333333,0.0,0.5973073887438527,0.510485308607783,0.5234410008174499,2
0.0,0.3333333333333333,0.0,0.5858857992835893,0.4508903687526489,0.45788170707685255,2
0.0,0.3333333333333333,0.0,0.6786017849553762,0.6043649068747569,0.5557957838308719,2
0.0,0.3333333333333333,0.0,0.7660964725881854,0.7011667921959055,0.7051681651712811,2
0.0,0.3333333333333333,0.0,0.6436464088397791,0.6523442875821258,0.5907162204143356,2
0.0,0.3333333333333333,0.0,0.8126555764677311,0.6646143500845898,0.6613659705800309,2
0.0,0.3333333333333333,0.0,0.5483577196284378,0.46895408353605356,0.3795930933474006,2
0.0,0.3333333333333333,0.0,0.6214255357901766,0.6113354403578576,0.5285165719009163,2
0.0,0.3333333333333333,0.0,0.8075101693886224,0.6324237520509212,0.690727344901825,2
0.0,0.3333333333333333,0.0,0.6539372229979965,0.6020563023623257,0.6040646973706196,2
0.0,0.3333333333333333,0.0,0.5789873110315099,0.534900809698025,0.43885144497463935,2
0.0,0.3333333333333333,0.0,0.7085331795276546,0.7335076904991816,0.6063549941264527,2
0.0,0.3333333333333333,0.0,0.6878908384433245,0.5246676485464898,0.6450878496721534,2
0.0,0.3333333333333333,0.0,0.7095349401979236,0.48969255401035383,0.5461915139580205,2
0.0,0.3333333333333333,0.0,0.48082235444113897,0.39284864705635014,0.3475095952233074,2
0.0,0.3333333333333333,0.0,0.6698743245704571,0.5821565268880988,0.5494421769792431,2
0.0,0.3333333333333333,0.0,0.4294214073219598,0.3290246031680497,0.28254846440111353,2
0.0,0.3333333333333333,0.0,0.7848491287717807,0.8419344731087299,0.6416209578239337,2
0.0,0.3333333333333333,0.0,0.5863942687147107,0.5191786795924239,0.44414182243692113,2
0.0,0.3333333333333333,0.0,0.8006040920405562,0.6675136449695016,0.6778499346625679,2
0.5,0.16666666666666666,0.2,0.45696982575435613,0.3632959183517061,0.25419378693298106,2
0.0,0.3333333333333333,0.0,0.6843087851375144,0.5972011473424454,0.5610237816677296,2
0.0,0.3333333333333333,0.0,0.7057100358205332,0.5987935122300222,0.590748623624214,2
0.0,0.3333333333333333,0.0,0.5275332402404226,0.594624922456172,0.5315505477152029,2
0.0,0.3333333333333333,0.0,0.7464483030781374,0.7214584940945691,0.6432976327077466,2
0.0,0.3333333333333333,0.0,0.7214042863214133,0.726240434418779,0.6671554146173858,2
0.0,0.3333333333333333,0.0,0.6881944022827999,0.6566518263457047,0.5954610351256274,2
0.0,0.3333333333333333,0.0,0.7866705118086332,0.5762270548128159,0.6331941533503894,2
0.0,0.3333333333333333,0.0,0.7641460749195556,0.8293210891331951,0.6238964560177219,2
0.0,0.3333333333333333,0.0,0.6165836925505435,0.5404556400917855,0.4832934964778065,2
0.0,0.3333333333333333,0.0,0.47718717746342043,0.45781142845586736,0.36921495749286254,2
0.0,0.3333333333333333,0.0,0.6471525711857203,0.6290245840962041,0.5184543417506718,2
0.0,0.3333333333333333,0.0,0.7690941655030054,0.611963779966028,0.6414229968169118,2
0.0,0.3333333333333333,0.0,0.6112561471677495,0.49739089737122805,0.5205300794042554,2
0.0,0.3333333333333333,0.0,0.6128802137089431,0.6362918331129608,0.5606318800818039,2
0.0,0.3333333333333333,0.0,0.7600631412786107,0.5619818060386395,0.6775811843867074,2
0.0,0.3333333333333333,0.0,0.48722755145407076,0.3553505310191595,0.3072222080571416,2
0.0,0.5,0.2,0.6867524740452916,0.6296757816643547,0.536050965927888,2
0.0,0.3333333333333333,0.0,0.7592435189120272,0.6396663983870192,0.6314930786120008,2
0.0,0.3333333333333333,0.0,0.6983637909052273,0.5261186062953663,0.5684084312960229,2
0.0,0.3333333333333333,0.0,0.6853712585756785,0.6190790122470845,0.5041655701557216,2
0.0,0.5,0.2,0.7034484852164411,0.6339082550568876,0.5687131113553309,2
0.0,0.3333333333333333,0.0,0.8287899945358509,0.678813346101675,0.6580366839371226,2
0.0,0.3333333333333333,0.0,0.6767196891506283,0.6471849648815629,0.6236332804209355,2
0.0,0.3333333333333333,0.0,0.5516210309027989,0.5573855477892097,0.46465039165052113,2
0.0,0.3333333333333333,0.0,0.644450853014389,0.6284442843476822,0.5100028574340936,2
0.0,0.3333333333333333,0.0,0.7669692186266773,0.6778619223675728,0.6228138769635838,2
0.0,0.3333333333333333,0.0,0.6723180134782345,0.5557009104877837,0.5843487504291232,2
0.0,0.5,0.2,0.7912543257847126,0.6236272094459264,0.6820080779195113,2
0.0,0.3333333333333333,0.0,0.7595015481755814,0.7441100331335173,0.6848303185375795,2
0.0,0.3333333333333333,0.0,0.7915123550482666,0.6337466600165733,0.670737222955201,2
0.0,0.3333333333333333,0.0,0.6318377754841843,0.5188004637057871,0.4920257303834373,2
0.0,0.3333333333333333,0.0,0.7171999271446785,0.534418814717438,0.5691286963593353,2
0.0,0.3333333333333333,0.0,0.61520247708093,0.5984378011210417,0.4698100447148457,2
0.0,0.3333333333333333,0.0,0.6315190334527351,0.5438233112468884,0.5119843130326237,2
0.0,0.3333333333333333,0.0,0.6397456135025196,0.5632149633122326,0.5388699076396696,2
0.0,0.3333333333333333,0.0,0.9236233379879789,0.7598116221551808,0.810356115513824,2
0.0,0.3333333333333333,0.0,0.6453311881488677,0.5535385799664716,0.5620227633156286,2
0.0,0.3333333333333333,0.0,0.767712950033392,0.6921117130664302,0.6242477607772791,2
0.0,0.3333333333333333,0.0,0.7773207455527896,0.8533291308404111,0.7165175068753671,2
0.0,0.3333333333333333,0.0,0.6527988585999636,0.6403280289610073,0.5332325268144062,2
0.0,0.3333333333333333,0.0,0.6781009046202416,0.669747968175645,0.562639340642931,2
0.0,0.3333333333333333,0.0,0.7070912512901463,0.5944814103508231,0.6014915277602975,2
0.0,0.3333333333333333,0.0,0.5916611013296096,0.5378112510170681,0.46086549060797727,2
0.0,0.3333333333333333,0.0,0.6354198287899946,0.4842386066154907,0.5235423323767221,2
0.0,0.3333333333333333,0.0,0.5878969097201142,0.4941632700710567,0.49099336594913007,2
0.0,0.3333333333333333,0.0,0.791891809847611,0.7311437493802975,0.705815848168967,2
0.0,0.3333333333333333,0.0,0.5344848521644101,0.4553698296076825,0.4640224169421932,2
0.0,0.5,0.2,0.7982818286685689,0.6143226564503923,0.6286137822576477,2
0.0,0.3333333333333333,0.0,0.7665897638273329,0.6278003058262249,0.6658889007062732,2
0.0,0.3333333333333333,0.0,0.6890140246493837,0.5950288500159628,0.6122318378265237,2
0.0,0.3333333333333333,0.0,0.4932001699957501,0.4323087050281204,0.47386631560292375,2
0.0,0.3333333333333333,0.0,0.7982970068605427,0.6615009490114989,0.7053882740410353,2
0.0,0.3333333333333333,0.0,0.6217290996296522,0.5493174649174639,0.499829513901179,2
0.0,0.3333333333333333,0.0,0.7016878149474836,0.6692375420180128,0.6283118889003504,2
0.0,0.3333333333333333,0.0,0.8014844271750348,0.6242292087164071,0.6242254548953974,2
0.0,0.3333333333333333,0.0,0.673820654483638,0.4817483463067679,0.4474657129850129,2
0.0,0.3333333333333333,0.0,0.7709914394997269,0.607514721045405,0.6404299808244069,2
0.0,0.3333333333333333,0.0,0.7604425960779552,0.5542812800110059,0.6186963184128786,2
0.0,0.3333333333333333,0.0,0.6567603667051181,0.6183958446150069,0.5972804260987862,2
0.0,0.3333333333333333,0.0,0.7522160160281707,0.6789441083251438,0.6105138679359736,2
0.0,0.3333333333333333,0.0,0.5912816465302654,0.5482664578954153,0.49019109261751664,2
0.0,0.5,0.2,0.6819865217655273,0.7178710728977571,0.5828558959927933,2
0.0,0.3333333333333333,0.0,0.7102938497966121,0.6245368729020928,0.5786897983606754,2
0.0,0.5,0.2,0.597565418007407,0.4029897688943697,0.4458894413966053,2
0.0,0.3333333333333333,0.0,0.7288112440046141,0.5770664703048294,0.6005199974875995,2
0.0,0.3333333333333333,0.0,0.6962388440288992,0.6748010606969324,0.5737480048787124,2
0.0,0.3333333333333333,0.0,0.6485337866553336,0.4442431524958134,0.5153163145239461,2
0.0,0.3333333333333333,0.0,0.4756162345941351,0.4914329164187887,0.44335819318239844,2
0.0,0.3333333333333333,0.0,0.573523161920952,0.5008951229399061,0.4369545286000826,2
0.0,0.3333333333333333,0.0,0.6983030781373324,0.5616299304896925,0.5831197707022185,2
0.0,0.3333333333333333,0.0,0.6123186206059134,0.4748743304890455,0.4871402775488388,2
0.0,0.3333333333333333,0.0,0.814537672272479,0.6222685311745454,0.6808924284135979,2
0.0,0.3333333333333333,0.0,0.74493048388076,0.7315283084214652,0.6387975223189701,2
0.0,0.5,0.2,0.6465150871228219,0.5698667780029206,0.49333592014970823,2
0.0,0.3333333333333333,0.0,0.3365308724424746,0.31425700480099816,0.20769654646300545,2
0.0,0.3333333333333333,0.0,0.7100358205330581,0.5889509777919733,0.5685178243832554,2
0.0,0.3333333333333333,0.0,0.5969431121364822,0.6479670447551722,0.5534386339481823,2
0.0,0.5,0.2,0.5351830489952037,0.4263793106529488,0.41146802912985275,3
0.0,0.5,0.2,0.8314158217473134,0.8104051595303721,0.7104319271314179,3
0.0,0.3333333333333333,0.0,0.290161495962601,0.26991782485687177,0.14642168640871228,3
0.0,0.5,0.2,0.7166838686175703,0.7470952502141011,0.6392254289610897,3
0.0,0.5,0.2,0.5400097140428632,0.441811025997546,0.35987868409976903,3
0.0,0.6666666666666666,0.4,0.8488707425171514,0.7481431562953489,0.8929637776321036,3
0.0,0.6666666666666666,0.4,0.6770232529901039,0.5872053388396248,0.5834835826445602,3
0.0,0.5,0.2,0.5729008560500274,0.5862421188159161,0.4999472160129883,3
0.0,0.6666666666666666,0.4,0.6358599963572339,0.6088600560886024,0.57349367541305,3
0.0,0.6666666666666666,0.4,0.7060287778519824,0.6594952619143248,0.6207427442100577,3
0.0,0.6666666666666666,0.4,0.48923866189059567,0.42485358420617814,0.34796486409478633,3
0.0,0.5,0.2,0.7682138303685265,0.7275457750956578,0.6898013821903359,3
0.0,0.5,0.2,0.7095956529658188,0.5422037018748733,0.5960123769459763,3
0.0,0.5,0.2,0.5833889867039037,0.6321680480486753,0.5052754491358118,3
0.0,0.5,0.2,0.4976473802440654,0.3533621710467786,0.42300394383408374,3
0.0,0.6666666666666666,0.4,0.6414303928116084,0.4386278007790906,0.503370707718091,3
0.0,0.3333333333333333,0.0,0.6258120332705968,0.5954684984359568,0.43934857900168073,3
0.0,0.6666666666666666,0.4,0.747192034484852,0.6455759368519614,0.6855583092971719,3
0.0,0.5,0.2,0.6667324388318865,0.6591613916002325,0.6079934968583072,3
0.0,0.3333333333333333,0.0,0.5534424139396514,0.5702308030237974,0.4177704643542377,3
0.0,0.5,0.2,0.6430089247768807,0.5011520842712238,0.5260848128467256,3
0.0,0.5,0.2,0.6829275696679011,0.5359553273523697,0.5513091528740404,3
0.0,0.5,0.2,0.5973832797037217,0.5635129714931926,0.49753228033050606,3
0.0,0.3333333333333333,0.0,0.4278580535486612,0.43008464530029933,0.3098262433954696,3
0.0,0.6666666666666666,0.4,0.782906320199138,0.6088814942556414,0.6081029651941114,3
0.0,0.5,0.2,0.7861013296096169,0.7618322771192266,0.7437826603810045,3
0.0,0.5,0.2,0.5007892659826362,0.5255575196652448,0.44956514556810273,3
0.0,0.5,0.2,0.6022706575192762,0.4983451183093326,0.41921984275422414,3
0.0,0.5,0.2,0.7083434521279824,0.6336512089618124,0.6153827524689343,3
0.0,0.5,0.2,0.553017424564386,0.5429128637259638,0.4327067063694726,3
0.0,0.5,0.2,0.5718990953797584,0.5180722088182861,0.45349551729571436,3
0.0,0.3333333333333333,0.0,0.634721631959201,0.6294740863030251,0.47088047987087656,3
0.0,0.3333333333333333,0.0,0.706711796490802,0.5200705567867766,0.5973279402224505,3
0.0,0.6666666666666666,0.4,0.5765436221237326,0.48316036217265035,0.5098738726718379,3
0.0,0.5,0.2,0.703509197984336,0.5630107038472342,0.6124341238096104,3
0.0,0.5,0.2,0.5376874506708761,0.5877056710464501,0.47401654503243856,3
0.0,0.5,0.2,0.5782359905288083,0.5167582434290658,0.403873849355777,3
0.0,0.5,0.2,0.5839505798069334,0.47556576965114045,0.517725628954144,3
0.0,0.6666666666666666,0.4,0.608615141764313,0.5133426807508903,0.5017743917997519,3
0.0,0.6666666666666666,0.4,0.6666110132960961,0.6096012586400846,0.6093044658014839,3
0.0,0.5,0.2,0.4444933519519154,0.43088968202493905,0.28476760277860275,3
0.0,0.3333333333333333,0.0,0.440531843846761,0.3291107514004085,0.2751053198335274,3
0.0,0.6666666666666666,0.4,0.4041345394936556,0.4110845240951896,0.30335101396631875,3
0.0,0.3333333333333333,0.0,0.40319349159128154,0.4342078794001599,0.30989343356087495,3
0.0,0.5,0.2,0.6347823447270962,0.6003725268257692,0.5244994147128917,3
0.0,0.6666666666666666,0.4,0.7864883735049479,0.6245634675310555,0.7316385844053411,3
0.0,0.6666666666666666,0.4,0.6359814218930241,0.5576056722041818,0.48734665551796663,3
0.0,0.6666666666666666,0.4,0.48529233197741484,0.404674547468725,0.38192538983482555,3
0.0,0.5,0.2,0.4288674033149171,0.5638012318420227,0.4336051167534381,3
0.0,0.3333333333333333,0.0,0.5005312367190821,0.3287690969479051,0.3905041116158636,3
0.0,0.5,0.2,0.7889320624127253,0.7790944728739341,0.6669949403504577,3
0.0,0.5,0.2,0.7837866553336166,0.6544314820959273,0.6898374842670778,3
0.0,0.5,0.2,0.8413423592981604,0.7690547072991253,0.8555641762372578,3
0.0,0.5,0.2,0.40783801833525596,0.4572316937990628,0.32051221431625276,3
0.0,0.5,0.2,0.6034697346852043,0.49862230286049647,0.43935531014250456,3
0.0,0.3333333333333333,0.0,0.4582296156881792,0.38070101873816586,0.3483308127746103,3
0.0,0.5,0.2,0.409158521036974,0.34391548335695765,0.2626547893012865,3
0.0,0.5,0.2,0.7898731103150993,0.5388123251222141,0.7251673666977495,3
0.0,0.5,0.2,0.6010867585453221,0.4675988028786253,0.5011724888173238,3
0.0,0.6666666666666666,0.4,0.4849735899459656,0.41028066699951043,0.37294243662775434,3
0.0,0.5,0.2,0.8208821565175156,0.8181584933790217,0.8179193228056781,3
0.0,0.5,0.2,0.4824615991743064,0.4146704336716569,0.30396387430080024,3
0.0,0.5,0.2,0.8353166170845729,0.7014071822126023,0.8531492039755743,3
0.0,0.5,0.2,0.5991439499726793,0.5168431484596459,0.517260934700066,3
0.0,0.5,0.2,0.6735170906441624,0.6406832950602601,0.5496043194026718,3
0.0,0.6666666666666666,0.4,0.4477566632262765,0.3993248100502466,0.3643304290734178,3
0.0,0.5,0.2,0.496402768502216,0.4121574213576515,0.4401492808297642,3
0.0,0.5,0.2,0.6923987614595348,0.635303304043947,0.5904958612505351,3
0.0,0.6666666666666666,0.4,0.6298949669115415,0.5810333152718248,0.5119328500660382,3
0.0,0.5,0.2,0.5784257179284803,0.5029609146049008,0.4308737101475868,3
0.0,0.6666666666666666,0.4,0.6459534940197923,0.4298704049028375,0.5106747205098955,3
0.0,0.5,0.2,0.7020065569789328,0.606679289450001,0.600949721505831,3
0.0,0.5,0.2,0.5827666808329791,0.49721476534647663,0.5013996585198652,3
0.0,0.5,0.2,0.5673152814036792,0.5390694206628147,0.4816378535034724,3
0.0,0.5,0.2,0.5572217837411209,0.6075910790637554,0.5480720797246681,3
0.0,0.5,0.2,0.6385465363365915,0.5979250015781953,0.47795507900726564,3
0.0,0.6666666666666666,0.4,0.6973620302349584,0.6615725320048349,0.6207182106206031,3
0.0,0.3333333333333333,0.0,0.5468550786230344,0.42855665142301147,0.48716021970966183,3
0.0,0.5,0.2,0.575663286989254,0.48495108131677594,0.48244983252847035,3
0.0,0.5,0.2,0.44141217898123963,0.44426330507919487,0.39516963902839,3
0.0,0.6666666666666666,0.4,0.7159401372108554,0.5872470496720354,0.5405423639737273,3
0.0,0.5,0.0,0.33114261429178543,0.28473158415361055,0.24168173314343602,3
0.0,0.5,0.2,0.7657701414607492,0.7797920432811659,0.7388169862240309,3
0.0,0.6666666666666666,0.4,0.721965879424443,0.697663159973531,0.6659015565656713,3
0.0,0.5,0.2,0.8130350312670755,0.7154687973694757,0.7108234201785187,3
0.0,0.6666666666666666,0.4,0.5687572096411875,0.4468912146666956,0.44452809445451563,3
0.0,0.5,0.2,0.7139973286382125,0.5487671574118572,0.6517176899166587,3
0.0,0.3333333333333333,0.0,0.5245279582296156,0.5452380466166621,0.45761328121794365,3
0.0,0.3333333333333333,0.0,0.5396302592435188,0.5758524201949399,0.4237864276157414,3
0.0,0.5,0.2,0.6299556796794367,0.533098908801536,0.6197302918814027,3
0.0,0.5,0.2,0.7276728796065811,0.6266977129939993,0.6071685067319221,3
0.0,0.5,0.2,0.8263463056280735,0.7067989765821685,0.7425103362382914,3
0.0,0.5,0.2,0.5676340234351284,0.4054376685152065,0.4830781957504134,3
0.0,0.6666666666666666,0.4,0.5518183473984578,0.4786185222556324,0.4486484017612379,3
0.0,0.5,0.2,0.5445935280189423,0.48150502487678554,0.3857004507771772,3
0.0,0.3333333333333333,0.0,0.4813915366401553,0.3181546684144578,0.3003961005989211,3
0.0,0.5,0.2,0.6891354501851741,0.6217904211995174,0.5437594725375873,3
0.0,0.5,0.2,0.636983182563293,0.5932530492931837,0.5775967925673737,3
0.0,0.3333333333333333,0.0,0.6271932487402101,0.5693229266701882,0.5391620645882602,3
0.0,0.5,0.2,0.6039099022524437,0.46375048589941126,0.4835788745203715,3
0.0,0.5,0.2,0.6403072066055491,0.5695648494981693,0.5387774758325444,3
0.0,0.3333333333333333,0.0,0.5282921498391111,0.4528165050632678,0.34668896381570724,3
0.0,0.5,0.2,0.3595713678586606,0.47361728396308783,0.3374055934469948,3
0.0,0.3333333333333333,0.0,0.41736992289478486,0.3422916075424741,0.2904059784078862,3
0.0,0.3333333333333333,0.0,0.6826088276364519,0.5859522550193371,0.5820970768375269,3
0.0,0.3333333333333333,0.0,0.5502398154331856,0.44913730590785955,0.4498667592109202,3
0.0,0.5,0.2,0.5713375022767287,0.6073864664164332,0.5602116200864087,3
0.0,0.3333333333333333,0.0,0.41416732438831894,0.4597744652556502,0.32154008230747483,3
0.0,0.3333333333333333,0.0,0.6071732135268046,0.5533053312963566,0.48028839490530856,3
0.0,0.5,0.2,0.5330429239269018,0.5012254896853491,0.4160074404128007,3
0.0,0.5,0.2,0.672818893813369,0.6410553655744671,0.549030006711117,3
0.0,0.5,0.2,0.6062321656244308,0.5155425333622558,0.4759760882085681,3
0.0,0.3333333333333333,0.0,0.39370712160767396,0.34510216890041895,0.273424796738028,3
0.0,0.6666666666666666,0.4,0.5403891688422074,0.5586867279783175,0.530171089792693,3
0.0,0.5,0.2,0.6047902373869225,0.5392815490299816,0.46081104903804326,3
0.0,0.5,0.2,0.6634691275575254,0.6649124500929537,0.5756488929758573,3
0.0,0.5,0.2,0.6779035881245825,0.5674147602761912,0.5837471463663093,3
0.0,0.3333333333333333,0.0,0.6245522433367736,0.5549807999846634,0.47731876228353154,3
0.0,0.3333333333333333,0.0,0.5318514358569606,0.4449769170275619,0.37799871966179205,3
0.0,0.5,0.2,0.8395816890292028,0.7215060183080252,0.6957907034934335,3
0.0,0.5,0.2,0.5676340234351284,0.5517130652998304,0.47152694856763977,3
0.0,0.5,0.2,0.4668356505373081,0.3792657987936267,0.3875980763209877,3
0.0,0.5,0.2,0.688331006010564,0.5991845203804178,0.6169986378365823,3
0.0,0.5,0.2,0.5657519276303807,0.5043602512253679,0.4591435650362062,3
0.0,0.5,0.2,0.6473954222573008,0.5668874520034936,0.5782018711987098,3
0.0,0.5,0.2,0.8088913848582358,0.7359192052770469,0.7443726082933955,3
0.0,0.5,0.2,0.7550391597352923,0.7098080617241771,0.6980057798941824,3
0.0,0.3333333333333333,0.0,0.507057859267804,0.5478018041669144,0.41401242381055825,3
0.0,0.5,0.2,0.5752231194220144,0.5213923698872258,0.4051334655261893,3
0.0,0.3333333333333333,0.0,0.5520611984700382,0.47976175930965126,0.4452745813317635,3
0.0,0.5,0.2,0.6554398640033998,0.530761760093716,0.5590206907051769,3
0.0,0.3333333333333333,0.0,0.49708578714103574,0.5077316307948683,0.4134723733335776,3
0.0,0.5,0.2,0.4575465970493594,0.45415152011897103,0.36352629897046546,3
0.0,0.5,0.2,0.5543227490741303,0.49674688353153845,0.5248344949032319,3
0.0,0.5,0.2,0.7808344969947181,0.7459929046095021,0.8292340691363471,3
0.0,0.5,0.2,0.7491348430574949,0.6415685324269299,0.72677965111602,3
0.0,0.5,0.2,0.641308967275818,0.6038363624639269,0.5887119662738457,3
0.0,0.5,0.2,0.6802258514965698,0.5903240023293365,0.6077820300814726,3
0.0,0.5,0.2,0.5099568939347945,0.48553854360281956,0.4099178076100429,3
0.0,0.3333333333333333,0.0,0.5839505798069334,0.45391668212840025,0.5353984438010202,3
0.0,0.5,0.2,0.664349462692004,0.6207874822917032,0.6210765002366595,3
0.0,0.5,0.2,0.6661708457288568,0.5804608349799459,0.5714796696258255,3
0.0,0.5,0.2,0.5537611559711006,0.558540461050845,0.5345786195929743,3
0.0,0.3333333333333333,0.0,0.35216441017545985,0.36209549401585883,0.2333917437050734,3
0.0,0.5,0.2,0.8135966243701049,0.6515710655211908,0.6775376783336248,3
0.0,0.6666666666666666,0.4,0.7914364640883979,0.7475141173861777,0.774606337036305,3
0.0,0.5,0.2,0.46489284196466524,0.4627913698543023,0.4195423611117885,3
0.0,0.6666666666666666,0.4,0.63145832068484,0.5836148096383654,0.5767412836773561,3
0.0,0.3333333333333333,0.0,0.6111802562078804,0.590050589765388,0.46511397150223627,3
0.0,0.5,0.2,0.4795170299313946,0.3802613561908789,0.3377127110304186,3
0.0,0.5,0.2,0.6537399065023374,0.6008373076999066,0.5595737045815684,3
0.0,0.5,0.2,0.5054337927266104,0.5143858683162957,0.3434186565695574,3
0.0,0.5,0.2,0.5189272053912937,0.4888275186725906,0.4392163641171863,3
0.0,0.5,0.2,0.5020490559164592,0.5129443193445186,0.45183217142790444,3
0.0,0.5,0.2,0.7514571064294822,0.566467716002901,0.6411258628821886,3
0.0,0.5,0.2,0.6387438528322505,0.5699690807947584,0.5557790105668178,3
0.0,0.5,0.2,0.6120605913423594,0.5651572400550375,0.47304677264785117,3
0.0,0.5,0.2,0.6112561471677495,0.6118313012764666,0.4947600075063415,3
0.0,0.5,0.2,0.7801438892599114,0.6825085867982186,0.7558000860307866,3
0.0,0.6666666666666666,0.4,0.7759395300831765,0.608575426454058,0.6699260902875777,3
0.0,0.6666666666666666,0.4,0.5319197377208427,0.4127844824458108,0.4630874445859882,3
0.0,0.6666666666666666,0.2,0.5928601784955376,0.6375135119610388,0.5055437599430538,3
0.0,0.6666666666666666,0.4,0.5803078137332282,0.5284058008953442,0.47243527874104885,3
0.0,0.6666666666666666,0.4,0.6446481695100479,0.6650674194328783,0.5554061105878763,3
0.0,0.6666666666666666,0.4,0.6179041952522615,0.423335302842788,0.5593710750879707,3
0.0,0.6666666666666666,0.4,0.5537004432032057,0.552049097089743,0.536752104761905,3
0.0,0.6666666666666666,0.4,0.6563201991378786,0.5824244721896786,0.5281051489246974,3
0.0,0.6666666666666666,0.4,0.4801469248983061,0.45031663113169823,0.3055137000794231,3
0.0,0.5,0.2,0.5996448303078138,0.5740656708201308,0.4298265712082643,3
0.0,0.6666666666666666,0.4,0.5956226094347642,0.5043340804151932,0.4836722260261328,3
0.0,0.3333333333333333,0.0,0.5808086940683627,0.4429365827444484,0.3667522378763656,3
0.0,0.3333333333333333,0.0,0.5558253900795338,0.4428055097205348,0.4661845713068233,3
0.0,0.3333333333333333,0.0,0.4721024831522069,0.31921861603684104,0.2951023730143881,3
0.0,0.5,0.2,0.4111013296096168,0.42136475738680657,0.3013716726706638,3
0.0,0.6666666666666666,0.4,0.8488707425171514,0.7481431562953489,0.8929637776321036,3
0.0,0.5,0.2,0.627132535972315,0.5575287632214069,0.5513933082730226,3
0.0,0.5,0.2,0.8981391536640155,0.8696135766506193,0.9246217221946126,3
0.0,0.5,0.2,0.7238479752291906,0.7434098986226165,0.5884809370453061,3
0.0,0.3333333333333333,0.0,0.37550846943112126,0.40757343266214163,0.29522008060266386,3
0.0,0.5,0.2,0.543151599781434,0.5316944369100844,0.4191805170290653,3
0.0,0.6666666666666666,0.4,0.6152631898488252,0.5816363034528115,0.5174999720946447,3
0.0,0.3333333333333333,0.0,0.5167946694189789,0.5640018323381493,0.42038088324791617,3
0.0,0.5,0.2,0.7255479327302533,0.6236719435190263,0.657738479233869,3
0.0,0.3333333333333333,0.0,0.40317831339930793,0.3580115267267298,0.2619965959403119,3
0.0,0.5,0.2,0.6983030781373324,0.6998884911577169,0.5888450544040189,3
0.0,0.6666666666666666,0.4,0.6642280371562139,0.5235511403307167,0.5739159458109419,3
0.0,0.5,0.2,0.6893934794487281,0.7396997606956658,0.5846529658193885,3
0.0,0.6666666666666666,0.4,0.7212828607856232,0.7061127857094012,0.6827341321410305,3
0.0,0.5,0.2,0.44875842389654547,0.39507465635059724,0.3377990067533953,3
0.0,0.5,0.2,0.6578228401432822,0.6556272091068713,0.5908777495231013,3
0.0,0.5,0.2,0.6252504401675673,0.5321904108470373,0.505945546137627,3
0.0,0.3333333333333333,0.0,0.6570032177766985,0.6559169104395816,0.5634297881106861,3
0.0,0.5,0.2,0.7169418978811244,0.586380693432382,0.5330435929086085,3
0.0,0.6666666666666666,0.4,0.5762248800922833,0.5863944604793536,0.4220558997150945,3
0.0,0.5,0.2,0.6501047295246191,0.6169521906765817,0.5567283764122541,3
0.0,0.6666666666666666,0.4,0.5440926476838078,0.5806198305983589,0.48114752463416394,3
0.0,0.5,0.2,0.4223939044381032,0.44133282419511405,0.35707924280530456,3
0.0,0.5,0.2,0.5341205755570396,0.45501312958819595,0.41831145095305533,3
0.0,0.5,0.2,0.6171452856535729,0.5064953301985954,0.4781795023359134,3
0.0,0.5,0.2,0.5356839293303383,0.4521717212861129,0.440018943626979,3
0.0,0.5,0.2,0.472223908687997,0.42929882169406036,0.4230837640677361,4
0.0,0.5,0.2,0.42835893388379565,0.45592973660884334,0.39533090503369456,4
0.0,0.5,0.2,0.5761565782284015,0.56892707992196,0.5236154992446734,4
0.0,0.6666666666666666,0.4,0.41624673668872575,0.4257935507057047,0.3870071519493448,4
0.0,0.5,0.2,0.4562260943476412,0.517830497899699,0.3493667334830972,4
0.0,0.3333333333333333,0.0,0.35235413757513206,0.404193167025381,0.2512341895378679,4
0.0,0.5,0.2,0.5360026713617873,0.5651759516545388,0.45999469597998954,4
0.0,0.5,0.2,0.5144648169510048,0.47946563712229906,0.48334762783736923,4
0.0,0.5,0.2,0.41761277396636504,0.37952734443150393,0.35335548121243004,4
0.0,0.5,0.2,0.40846032420618056,0.41076035216770135,0.37211193448832114,4
0.0,0.6666666666666666,0.2,0.42107340173638524,0.44505106412456674,0.37801122901408807,4
0.0,0.5,0.2,0.4099629652115841,0.44042466529564595,0.35078304659412546,4
0.0,0.6666666666666666,0.4,0.42590006678404474,0.46278855145936043,0.3750799910096836,4
0.0,0.5,0.2,0.5327848946633478,0.5078732639702558,0.47368964016526877,4
0.0,0.6666666666666666,0.4,0.45948940562200224,0.5122673889122747,0.4727270702943377,4
0.0,0.5,0.2,0.5368678283042924,0.47843771409691715,0.4834092884011879,4
0.0,0.5,0.2,0.3554884342177161,0.38806414262847155,0.3474782848266745,4
0.0,0.6666666666666666,0.4,0.3025165442292514,0.270268146403595,0.21276667348004003,4
0.0,0.5,0.2,0.4049389836682655,0.4606214105948015,0.3217993215564857,4
0.5,0.5,0.6,0.35938164045898846,0.28695804552123183,0.21772908731951565,4
0.0,0.3333333333333333,0.0,0.4790085605002732,0.4095405028040593,0.34623204798819257,4
0.0,0.5,0.2,0.5057980693339809,0.4783690766441597,0.44358496768861005,4
0.0,0.3333333333333333,0.0,0.35140550057677133,0.34373149655733065,0.27485558481335703,4
0.0,1.0,0.4,0.14127861089187055,0.30707896257552253,0.20561115633725013,4
0.0,0.5,0.2,0.47548721996235804,0.49129676463306243,0.4758192699575548,4
0.0,0.5,0.2,0.4843968186509623,0.50388094043044,0.45628334002437076,4
0.0,0.5,0.2,0.5679527654665776,0.4836599315056568,0.505978877119823,4
0.0,0.3333333333333333,0.0,0.4362667719021309,0.4029117791736847,0.32962325885972615,4
0.0,0.5,0.2,0.47800679983000416,0.4119975145288436,0.41031296681893337,4
0.0,0.5,0.2,0.4346275271689637,0.38789996229354884,0.366820307830076,4
0.0,0.5,0.2,0.39961143828547147,0.4482858963441385,0.41223789642626407,4
0.0,0.5,0.2,0.4636330520308422,0.5044714965936379,0.37358274589332746,4
0.0,0.5,0.2,0.3825359723149779,0.3864705627937016,0.3388983877996373,4
0.0,0.3333333333333333,0.0,0.40037034788416004,0.3890484193823098,0.2824699996800187,4
0.0,0.3333333333333333,0.0,0.39929269625402225,0.4436546165355062,0.323705187417068,4
0.0,0.3333333333333333,0.0,0.4419737720842693,0.4068929068338442,0.36403902391010234,4
0.0,0.3333333333333333,0.0,0.521310181531176,0.4693912738070757,0.4304805457052146,4
0.0,0.5,0.2,0.2928480359419586,0.27351983954729264,0.2580364279911893,4
0.0,0.5,0.2,0.4903618480966548,0.4113175114103849,0.4397194229347059,4
0.0,0.6666666666666666,0.4,0.49746524194038017,0.5296987519363132,0.34136775502271244,4
0.0,0.5,0.2,0.4508226580049784,0.4223100286848327,0.3669568893340959,4
0.0,0.6666666666666666,0.4,0.47286139275089545,0.44478317533215866,0.4125620736808547,4
0.0,0.5,0.2,0.43556857507133756,0.4312874854032395,0.39718586523548877,4
0.0,0.5,0.2,0.41951004796308655,0.44441628247081477,0.3380165829331078,4
0.0,0.5,0.2,0.39747131321716955,0.39259672210496616,0.326073522099043,4
0.0,0.5,0.2,0.4376479873717443,0.4354033874380634,0.37410205200352603,4
0.0,0.5,0.2,0.47687602452795813,0.4222700767003934,0.45842048195429663,4
0.0,0.5,0.2,0.5622305870924655,0.48977544590168964,0.46466570919104827,4
0.0,0.3333333333333333,0.0,0.44705846639548286,0.4268781736213082,0.3730892608945147,4
0.0,0.3333333333333333,0.0,0.43820958047477376,0.36518196140495623,0.3433011714553737,4
0.0,0.5,0.2,0.42301621030902803,0.4289510854419455,0.33463898450849205,4
0.0,0.3333333333333333,0.0,0.35486612834679127,0.3185334847110445,0.23084138107920943,4
0.0,0.5,0.2,0.4797522919069881,0.4833459665473191,0.49095096845498637,4
0.0,0.5,0.2,0.48703782405439855,0.43151783091465484,0.3882604739600519,4
0.0,0.3333333333333333,0.0,0.42259122093376233,0.4275190794565505,0.2966692083435063,4
0.0,0.5,0.2,0.43757209641187533,0.44322767561551335,0.3390418863114781,4
0.0,0.5,0.2,0.3160099568939347,0.29997661438562884,0.2828714487133108,4
0.0,0.3333333333333333,0.0,0.4033300953190455,0.4102389773580393,0.280931363563486,4
0.0,0.5,0.2,0.38121546961325964,0.4016150561455,0.30498405650359395,4
0.0,0.5,0.2,0.42063323416914566,0.3852456911774187,0.36512493089920905,4
0.0,0.5,0.2,0.4532056341448606,0.5054401061796037,0.416275972499044,4
0.0,0.6666666666666666,0.4,0.5207485884281464,0.5230381641967085,0.4976548295534396,4
0.0,0.3333333333333333,0.0,0.4205118086333556,0.44755315604112816,0.30714847434050174,4
0.0,0.3333333333333333,0.0,0.4270991439499726,0.36000162435614247,0.32199581916053016,4
0.0,0.5,0.2,0.47787019610224024,0.48651562250090397,0.3597781817587319,4
0.0,0.3333333333333333,0.0,0.3765102301013903,0.34653281160204497,0.2687103337125798,4
0.0,0.5,0.2,0.5168477930908871,0.5781504998741295,0.4204562119806302,4
0.0,0.8333333333333334,0.2,0.0,0.2873686623542306,0.13267097915144124,4
0.0,0.5,0.2,0.5168477930908871,0.5137708295544297,0.46905095434400534,4
0.0,0.3333333333333333,0.0,0.4785683929330338,0.4284323029905382,0.39022878480537754,4
0.0,0.5,0.2,0.5015937101572461,0.5408080948597429,0.487015764825765,4
0.0,0.5,0.2,0.4692793394450854,0.4076838939656534,0.34653310537635545,4
0.0,0.6666666666666666,0.4,0.42885981421893016,0.3726402114222851,0.40441063768605157,4
0.0,0.5,0.2,0.5444721024831523,0.5372131367521463,0.4603155363655639,4
0.0,0.3333333333333333,0.0,0.26015421043045356,0.1321397616763825,0.1087123736667965,4
0.0,0.5,0.2,0.5536852650112318,0.4198923120253658,0.4217659305891602,4
0.0,0.5,0.2,0.39979357658915676,0.4336702016944431,0.3802331075426925,4
0.0,0.6666666666666666,0.4,0.460309027988586,0.45901507381450524,0.43478478202052856,4
0.0,0.5,0.2,0.47548721996235804,0.39592705482482415,0.40861744191127525,4
0.0,0.5,0.2,0.5021704814522493,0.42803111612557815,0.33670230096756376,4
0.0,0.3333333333333333,0.0,0.4132262764859449,0.38487211610651334,0.30434293571494037,4
0.0,0.3333333333333333,0.0,0.33829154271143214,0.36463882350051735,0.2752171697163354,4
0.0,0.6666666666666666,0.4,0.5186691761277397,0.44162164963566175,0.43540858590401227,4
0.0,0.5,0.0,0.360876692368405,0.186590085342906,0.20405670062860745,4
0.0,0.5,0.2,0.4330034606277701,0.3182721933644403,0.37485075870930146,4
0.0,0.5,0.2,0.4188725639001881,0.38257196677890787,0.36761355097604,4
0.0,0.5,0.2,0.45496630441381813,0.39091448644334026,0.40095473723323766,4
0.0,0.5,0.2,0.4452370833586304,0.4413457647954486,0.45858233014735506,4
0.0,0.5,0.2,0.44925930423168,0.37853384255537476,0.4422795620575074,4
0.0,0.5,0.2,0.4015542468581143,0.33720795062290737,0.30797242645115924,4
0.0,0.6666666666666666,0.4,0.5228735353044744,0.5358904053776559,0.5035632461963502,4
0.0,0.5,0.2,0.3671604638455467,0.32426792244362,0.30046205565655,4
0.0,0.3333333333333333,0.0,0.4265982636148381,0.43073376615638725,0.3329966337366524,4
0.0,0.6666666666666666,0.4,0.42841964665169086,0.4446628249235879,0.3865349595720506,4
0.0,0.3333333333333333,0.0,0.48409325481148696,0.5209251449914095,0.39312198018199085,4
0.0,0.5,0.2,0.4916216380304778,0.417665631684704,0.42612541691802236,4
0.0,0.3333333333333333,0.0,0.4056371804990589,0.4316749122848743,0.34636869789070707,4
0.0,0.5,0.2,0.4794487280675125,0.4729228356875962,0.42563491562214956,4
0.0,0.6666666666666666,0.4,0.5229342480723697,0.5098252956088369,0.47649350892165504,4
0.0,0.6666666666666666,0.4,0.5319804504887379,0.5958426315349336,0.48521574671629203,4
0.0,0.3333333333333333,0.0,0.4029506405197013,0.4832943948644352,0.3471842284014633,4
0.0,0.5,0.2,0.5265770141460748,0.5354856513712279,0.5295899593540406,4
0.0,0.5,0.2,0.6050938012263979,0.5764944491499712,0.5491445976122249,4
0.0,0.5,0.2,0.498330398882885,0.5591561779227722,0.4777539367137056,4
0.0,0.3333333333333333,0.0,0.27991621638030467,0.15886755450251347,0.12076285544276054,4
0.0,0.3333333333333333,0.0,0.4380274421710885,0.47583155347690026,0.3859335109373696,4
0.0,0.5,0.2,0.5949851253718658,0.5787550138027538,0.46905282681764765,4
0.0,0.5,0.2,0.4001730313885009,0.3742321313001343,0.30771773379317874,4
0.0,0.5,0.2,0.5909097808269079,0.5714118941592538,0.5426258664584763,4
0.0,0.5,0.2,0.5037945479934429,0.42360699894064374,0.46212057263725503,4
0.0,0.5,0.2,0.41316556371804997,0.44177782685913297,0.34647814884562605,4
0.0,0.5,0.2,0.44487280675125984,0.47039349222295007,0.3878149478341124,4
0.0,0.5,0.2,0.4042559650294457,0.38843109906263373,0.36209795456640775,4
0.0,0.5,0.2,0.39841236111954337,0.4089750932222977,0.35952296437901454,4
0.0,0.5,0.2,0.49620545200655686,0.47051640673518985,0.39647110754309006,4
0.0,0.5,0.2,0.4446754902556007,0.451680635392518,0.3386129711905986,4
0.0,0.5,0.2,0.40023374415639607,0.4198361136540436,0.3864811656979558,4
0.0,0.5,0.2,0.4055764677311639,0.3519428866886777,0.28091058268382785,4
0.0,0.5,0.2,0.41052455831461354,0.4420661225261954,0.3556034469975363,4
0.0,0.5,0.2,0.504735595895817,0.45556464497734944,0.4532356491791234,4
0.0,0.5,0.2,0.40481755813247533,0.4550303931401708,0.40356663682647786,4
0.0,0.3333333333333333,0.0,0.426476838079048,0.41990393878745697,0.284957218189285,4
0.0,0.5,0.2,0.481953129743185,0.5298220266945232,0.419105071678297,4
0.0,0.5,0.2,0.4367069394693705,0.4015503884620591,0.32731605813359776,4
0.0,0.5,0.2,0.4044988161010261,0.3989651927447677,0.30328060160792863,4
0.0,0.3333333333333333,0.0,0.4835316617084573,0.5349456073439434,0.3805518775394009,4
0.0,0.3333333333333333,0.0,0.344499423228705,0.29014290244202207,0.27590474923018077,4
0.0,0.3333333333333333,0.0,0.41178434824843657,0.28128736426170253,0.32252554946908435,4
0.0,0.6666666666666666,0.2,0.44141217898123963,0.44030837648379584,0.3307408260388817,4
0.0,0.3333333333333333,0.0,0.34864306963754477,0.2879649612620092,0.26879656890680936,4
0.0,0.6666666666666666,0.4,0.34984214680347286,0.3931362434224119,0.3422605866687581,4
0.0,0.5,0.2,0.6093740513630016,0.5195049847411463,0.5253422961492333,4
0.0,0.3333333333333333,0.0,0.4488191366644404,0.40304434969065017,0.36723504566034965,4
0.0,0.5,0.2,0.47706575192763034,0.44623717044901745,0.4240353052598987,4
0.0,0.3333333333333333,0.0,0.37657094286928544,0.3736255830413264,0.3359220246804516,4
0.0,0.5,0.2,0.5238145832068484,0.3546779517931416,0.40050661976482677,4
0.0,0.3333333333333333,0.0,0.4772478902313156,0.4289104906656773,0.3761061832845875,4
0.0,0.5,0.2,0.5155272903891689,0.4873139840796288,0.38753973048229284,4
0.0,0.5,0.2,0.4282223301560317,0.37972791667304456,0.3500602324547619,4
0.0,0.5,0.2,0.24565903709550121,0.24115622455696625,0.1352285572603005,4
0.0,0.5,0.2,0.3807221783741121,0.4162546329839134,0.27202169960588213,4
0.0,0.5,0.2,0.458168902920284,0.3873070327451367,0.3950687471001396,4
0.0,0.6666666666666666,0.4,0.4239572582114019,0.3904066950258417,0.37553346765588574,4
0.0,0.5,0.2,0.48655212191123787,0.42044772654737117,0.42611514603841466,4
0.0,0.5,0.2,0.34889350980511213,0.3633869051818974,0.28064942463342896,4
0.0,0.5,0.2,0.39226519337016563,0.37606326862936634,0.30615773476171976,4
0.0,0.5,0.2,0.48233258454252936,0.41976160631106874,0.43167629321041934,4
0.0,0.5,0.2,0.4404711310788658,0.38164558367154494,0.34133753350879015,4
0.0,0.5,0.2,0.42715985671786777,0.38919001723946506,0.30640871948861836,4
0.0,0.6666666666666666,0.4,0.4446147774877058,0.3789771287533012,0.346112448121735,4
0.0,0.5,0.2,0.4209519762005949,0.4814798359134704,0.334830661082658,4
0.0,0.3333333333333333,0.0,0.4080808694068362,0.39796998852983895,0.3794123549932971,4
0.0,0.3333333333333333,0.0,0.4925019731649565,0.4648108946349126,0.3783990400731239,4
0.0,0.3333333333333333,0.0,0.46865703357416055,0.42843804573511907,0.3078137110882929,4
0.0,0.5,0.2,0.4365096229737114,0.37012730506297675,0.36426745616411904,4
0.0,0.3333333333333333,0.0,0.368602392083055,0.3384690940638182,0.31732772008919913,4
0.0,0.5,0.2,0.49124218323113344,0.48213910722953707,0.4509730251884478,4
0.0,0.5,0.2,0.41468338291542706,0.4690622279635227,0.36406387060033724,4
0.0,0.3333333333333333,0.0,0.4680802622791573,0.4108528788728235,0.32981715461776484,4
0.0,0.5,0.2,0.6101177827697165,0.4810545337594587,0.5225703486309,4
0.0,0.3333333333333333,0.0,0.3881974379211947,0.43908540498841364,0.2852454944176111,4
0.0,0.5,0.2,0.5702598506465909,0.49311670608263813,0.5201997371812618,4
0.0,0.5,0.2,0.4243974257786412,0.35160988520310105,0.3720981931666018,4
0.0,0.5,0.2,0.4572278550179102,0.39831063994454363,0.4022606776823631,4
0.0,0.5,0.2,0.40117479205876994,0.37795804234965463,0.3399662044323186,4
0.0,0.5,0.2,0.498330398882885,0.4612222231726752,0.41429919664933307,4
0.0,0.5,0.2,0.4333070244672455,0.4601644844955397,0.39654530378095626,4
0.0,0.5,0.2,0.3732469188270292,0.40009690899139266,0.28443822273327773,4
0.0,0.5,0.2,0.4413514662133447,0.3920238815671172,0.3883788608806016,4
0.0,0.5,0.2,0.3838564750166961,0.40943074786519473,0.2985595965306881,4
0.0,0.5,0.2,0.5270778944812093,0.487434864261685,0.4969149720979256,4
0.0,0.3333333333333333,0.0,0.35586788901706023,0.31453694417428557,0.271445960552347,4
0.0,0.3333333333333333,0.0,0.525635966243701,0.4510887300728441,0.4415585152392898,4
0.0,0.3333333333333333,0.0,0.4099629652115841,0.3851505014775772,0.27970213889131046,4
0.0,1.0,0.4,0.11543014996053665,0.2241492807311304,0.20179928844143621,4
0.0,0.5,0.2,0.4916216380304778,0.47953750972514025,0.39588712809344107,4
0.0,0.5,0.2,0.45264404104183115,0.46925387175592415,0.48445142016903664,4
0.0,0.6666666666666666,0.4,0.41686904255965035,0.4426318923539269,0.42219335579439365,4
0.0,0.5,0.2,0.46821686600692125,0.46325865125929033,0.3069883849101769,4
0.0,0.6666666666666666,0.4,0.49106004492744815,0.48095072641092274,0.3954905666215025,4
0.0,0.5,0.2,0.5834952340477202,0.5229332125374443,0.5076232145962769,4
0.0,0.5,0.2,0.5485474470281101,0.5574187257366835,0.4675434265762729,4
0.0,0.3333333333333333,0.0,0.3689818468823994,0.3423297441697704,0.29694263103709706,4
0.0,0.6666666666666666,0.4,0.5755418614534636,0.5758182392096672,0.5238325621973402,4
0.0,0.5,0.2,0.5232529901038189,0.462154320770033,0.4624374323686729,4
0.0,0.5,0.2,0.585574646348127,0.619045057298499,0.4297111255463344,4
0.0,0.5,0.2,0.5674367069394695,0.5940056031245449,0.4758531223898646,4
0.0,0.3333333333333333,0.0,0.3900643555339688,0.4180937239790717,0.28842420733513036,4
0.0,0.3333333333333333,0.0,0.4518244186752474,0.3990104000821814,0.32215152322551177,4
0.0,0.3333333333333333,0.0,0.464574099933216,0.47052262274408413,0.33723775017810853,4
0.0,0.5,0.2,0.42835893388379565,0.35713477279947126,0.3473929936698991,4
0.0,0.5,0.2,0.4376479873717443,0.39980513094662,0.278473393026573,4
0.0,0.5,0.2,0.33464877663772696,0.3046852552504103,0.2506462820093808,4
0.0,0.5,0.2,0.3531661708457289,0.3688778802115611,0.2947614517432357,4
0.0,0.5,0.2,0.4063809119057738,0.3411687844267561,0.3122072038153471,4
0.0,0.3333333333333333,0.0,0.39760032784894656,0.40131420837865867,0.27811015997122834,4
0.0,0.3333333333333333,0.0,0.5836318377754841,0.5317307793711772,0.44380340827107295,4
0.0,0.5,0.2,0.3096654726488981,0.2678790304486888,0.2621526614452662,4
0.0,0.5,0.2,0.5182897213283955,0.5050384107320977,0.4430976233181423,4
0.0,0.5,0.2,0.47096411875417393,0.4802972614122551,0.436504199610513,4
0.0,0.3333333333333333,0.0,0.8361817740270778,0.6753697266197168,0.7942012676305581,5
0.0,0.5,0.2,0.4936251593710158,0.3711129662915233,0.32829063253694546,5
0.0,0.3333333333333333,0.0,0.8370013963936616,0.6444772572798808,0.7582742831217096,5
0.0,0.5,0.2,0.896378483395058,0.6652491458656347,0.8864613770542361,5
0.0,0.3333333333333333,0.0,0.6160145103515269,0.6538333395764195,0.5149367115557603,5
0.0,0.5,0.2,0.7758029263554125,0.6119756610193919,0.7599176714871518,5
0.0,0.3333333333333333,0.0,0.6625280796551516,0.566491223818356,0.6663784454503302,5
0.0,0.3333333333333333,0.0,0.7326361483820049,0.5975909334820014,0.6636030174010377,5
0.0,0.3333333333333333,0.0,0.6066723331916702,0.5043413418437653,0.6033351628927394,5
0.0,0.5,0.2,0.889844271750349,0.6670959221081533,0.8152246256870616,5
0.0,0.3333333333333333,0.0,0.6578228401432822,0.6897804766307062,0.6500453371749089,5
0.0,0.5,0.2,0.70018517394208,0.5221197630098577,0.6434355684077406,5
0.0,0.3333333333333333,0.0,0.6668538643676766,0.6672736858352394,0.5847542290092996,5
0.0,0.5,0.2,0.8231285289296338,0.6405865442945483,0.74503290785567,5
0.0,0.5,0.2,0.8082539007953373,0.7077197652815262,0.7582907015547425,5
0.0,0.3333333333333333,0.0,0.6900157853196527,0.5010019535291318,0.6139894086063175,5
0.0,0.3333333333333333,0.0,0.7848491287717807,0.5810963441892846,0.7487822921816711,5
0.0,0.5,0.2,0.9478401432821323,0.7977122671501612,0.9478789342140309,5
0.0,0.5,0.2,0.9251183898973955,0.7855608032719433,0.9224278479802308,5
0.0,0.3333333333333333,0.0,0.7261019367372958,0.6165101688713733,0.6733328582250981,5
0.0,0.3333333333333333,0.0,0.6115597110072248,0.6314156919994152,0.5061739050708378,5
0.0,0.5,0.2,0.7708548357719629,0.6605159164474883,0.7487294699040236,5
0.0,0.5,0.2,0.7758181045473864,0.6927259395089519,0.7645752211501883,5
0.0,0.3333333333333333,0.0,0.7233470948940561,0.5573981422708673,0.6446730876034791,5
0.0,0.3333333333333333,0.0,0.6481543318559894,0.5600338077421931,0.6539450642136301,5
0.0,0.5,0.2,0.6862515937101572,0.5038457140254897,0.6414031163222796,5
0.0,0.3333333333333333,0.0,0.6894390140246494,0.5983292046201985,0.5794294119519549,5
0.0,0.5,0.2,0.5338701353894725,0.5719843179419609,0.5227016347723755,5
0.0,0.3333333333333333,0.0,0.6775317224212251,0.48969900311958175,0.675798122465189,5
0.0,0.3333333333333333,0.0,0.6069758970311455,0.44533601162320213,0.5855711641683266,5
0.0,0.3333333333333333,0.0,0.6027108250865157,0.6578742398130156,0.519506929648984,5
0.0,0.5,0.2,0.8420860907048753,0.6234529987330149,0.8528110075648212,5
0.0,0.3333333333333333,0.0,0.5083328273936009,0.3461502515728287,0.3087888088137327,5
0.0,0.3333333333333333,0.0,0.7437314067148322,0.6201242341426735,0.6625240710858169,5
0.0,0.5,0.2,0.7036913362880213,0.5756344431284951,0.6897595291648214,5
0.0,0.5,0.2,0.6614504280250135,0.5453230929201716,0.6101849647870572,5
0.0,0.5,0.2,0.9065478720174853,0.8208250905582435,0.9456548467856575,5
0.0,0.3333333333333333,0.0,0.7626282557221784,0.5842299684822215,0.6484347937566525,5
0.0,0.5,0.2,0.733759334588064,0.6525305700668559,0.693204037803576,5
0.0,0.3333333333333333,0.0,0.7740498451824419,0.6302061273050348,0.6979064586741812,5
0.0,0.5,0.2,0.8788628498573251,0.7189898767986332,0.8527664243350911,5
0.0,0.5,0.2,0.8351193005889138,0.7809864917720986,0.8329470111169652,5
0.0,0.3333333333333333,0.0,0.5870165745856353,0.5207363831667683,0.469977528200646,5
0.0,0.3333333333333333,0.0,0.8643069637544776,0.7309193797137964,0.7992644683486845,5
0.0,0.3333333333333333,0.0,0.658505858782102,0.43814040917259994,0.53592456573179,5
0.0,0.5,0.2,0.8464801772812821,0.73846068408633,0.854669804784863,5
0.0,0.3333333333333333,0.0,0.701186934612349,0.7735174343756692,0.6048550903991361,5
0.0,0.5,0.2,0.72070608949062,0.6065921805617224,0.701027615023718,5
0.0,0.3333333333333333,0.0,0.6863730192459475,0.7138510669274216,0.6039139652752403,5
0.0,0.5,0.2,0.6852422439439014,0.4380770694546955,0.6198134822680951,5
0.0,0.3333333333333333,0.0,0.7061502033877725,0.5499387832610425,0.612749721793512,5
0.0,0.5,0.2,0.6399277518062049,0.5057990312477285,0.5399324210276618,5
0.0,0.3333333333333333,0.0,0.6724394390140246,0.4874000687391693,0.5980724323995051,5
0.0,0.3333333333333333,0.0,0.5669965393722299,0.6253977194974988,0.4998928758949841,5
0.0,0.5,0.2,0.7025681500819622,0.6996166608505778,0.604285311558001,5
0.0,0.5,0.2,0.8782405439864003,0.6811864699609711,0.8375661189906337,5
0.0,0.3333333333333333,0.0,0.5795489041345394,0.6011162722899811,0.4928571297348313,5
0.0,0.5,0.2,0.6398063262704148,0.48588734646555165,0.6126606472934397,5
0.0,0.3333333333333333,0.0,0.8907929087487098,0.7138529317300901,0.8801853571294879,5
0.0,0.5,0.2,0.6012005949851253,0.5602665407661157,0.5241119669949404,5
0.0,0.3333333333333333,0.0,0.6956620727338959,0.6533654577614814,0.6145683285242659,5
0.0,0.3333333333333333,0.0,0.6125690607734807,0.5676796258279098,0.5977578649056061,5
0.0,0.3333333333333333,0.0,0.4399095379758364,0.5022557649050058,0.41459081817243776,5
0.0,0.3333333333333333,0.0,0.6018304899520368,0.6411056799282792,0.5116652978340221,5
0.0,0.3333333333333333,0.0,0.7890534879485156,0.5840669536489664,0.7314347014641578,5
0.0,0.5,0.2,0.8541982878999455,0.588724729195511,0.817655719143225,5
0.0,0.5,0.2,0.7145589217412422,0.5376962619161686,0.7305702848512083,5
0.0,0.5,0.2,0.8039281160828121,0.605818591191171,0.7883746560415384,5
0.0,0.5,0.2,0.751335680893692,0.6115834873673287,0.6679449113141432,5
0.0,0.5,0.2,0.6699350373383524,0.5032407338961983,0.6703483329938266,5
0.0,0.5,0.2,0.8435431971343572,0.7377153987471876,0.8930662217837464,5
0.0,0.5,0.2,0.8031084937162286,0.7017054517484819,0.7859405416771746,5
0.0,0.5,0.2,0.6080990832372046,0.47666313538497745,0.5724952802287016,5
0.0,0.3333333333333333,0.0,0.6599477870196103,0.6153145195605404,0.5624295039923027,5
0.0,0.5,0.2,0.6954192216623155,0.6331335566938404,0.7184101561589017,5
0.0,0.5,0.2,0.8151599781434036,0.8800229122087849,0.7538371482605223,5
0.0,0.5,0.2,0.6928996417946693,0.7182759469861749,0.6928101461031843,5
0.0,0.3333333333333333,0.0,0.7248497358994597,0.5630269784887032,0.6637433550773941,5
0.0,0.3333333333333333,0.0,0.682730253172242,0.7199087936316764,0.5639068185286874,5
0.0,0.5,0.2,0.6903345273511019,0.5594117830339675,0.6196538125811912,5
0.0,0.3333333333333333,0.0,0.7932578471252505,0.5911541997627053,0.7556823591915067,5
0.0,0.3333333333333333,0.0,0.6439499726792545,0.5448068039359684,0.47679368678309386,5
0.0,0.5,0.2,0.9098111832918462,0.7568366332346869,0.8243878400319798,5
0.0,0.5,0.2,0.8552607613381094,0.7344836957230024,0.8657801073593809,5
0.0,0.3333333333333333,0.0,0.6994262643433915,0.6647527622371865,0.578069448652927,5
0.0,0.3333333333333333,0.0,0.720964118754174,0.6049599201988779,0.65400248244551,5
0.0,0.3333333333333333,0.0,0.7141187541740028,0.6730382076381343,0.7322193484581547,5
0.0,0.3333333333333333,0.0,0.4021993200169995,0.37006716517692373,0.2990188195721685,5
0.0,0.5,0.2,0.7040707910873657,0.593454695208988,0.6638920134862503,5
0.0,0.3333333333333333,0.0,0.5935431971343574,0.4813288716610947,0.4983442175205066,5
0.0,0.5,0.2,0.6534211644708882,0.48884813745663913,0.5944780093591618,5
0.0,0.5,0.2,0.8109556189666687,0.6013164630946123,0.7462002059038317,5
0.0,0.5,0.2,0.7353302774573492,0.618705945758725,0.7129253218143033,5
0.0,0.5,0.2,0.5336728188938133,0.4026706474741082,0.47826200201279434,5
0.0,0.5,0.2,0.8238798494323357,0.6780052013725882,0.8290848657071861,5
0.0,0.5,0.2,0.758052030842086,0.5650515325856008,0.7391086379733877,5
0.0,0.5,0.2,0.8424655455042195,0.6592233750980144,0.8462501752275507,5
0.0,0.5,0.2,0.7321276789508834,0.8002496772990769,0.6944047024244578,5
0.0,0.3333333333333333,0.0,0.740346669904681,0.519245494624392,0.6179628735575136,5
0.0,0.5,0.2,0.7461902738145832,0.612228892745373,0.6658386516265437,5
0.0,0.3333333333333333,0.0,0.5637332280978691,0.6062920391595282,0.48359297852364397,5
0.0,0.3333333333333333,0.0,0.5351147471313217,0.38290099849516784,0.4132272020311803,5
0.0,0.5,0.2,0.7674093861939166,0.6112874640710272,0.7355460965459022,5
0.0,0.5,0.2,0.7543561410964726,0.6135144764030733,0.7499543422456953,5
0.0,0.3333333333333333,0.0,0.7071519640580415,0.5301047632718131,0.6545714919487831,5
0.0,0.5,0.2,0.7675915244976019,0.5921988353756372,0.772155410385196,5
0.0,0.5,0.2,0.8046870256815009,0.6920549919852689,0.7794229379100046,5
0.0,0.3333333333333333,0.0,0.7717958836743367,0.6898277041710106,0.6706322257641198,5
0.0,0.5,0.2,0.5629136057312853,0.36789464181375403,0.45884754159872554,5
0.0,0.3333333333333333,0.0,0.741485034302714,0.6788817645813918,0.6861808172087875,5
0.0,0.5,0.2,0.6566844757452492,0.4708240991754613,0.5377762311816019,5
0.0,0.5,0.2,0.6875720964118753,0.5748462673279813,0.6569406173562828,5
0.0,0.5,0.2,0.9680650840871835,0.8209776723856609,0.9695415652721056,5
0.0,0.3333333333333333,0.0,0.8030477809483334,0.6537260215955876,0.7135124630682785,5
0.0,0.5,0.2,0.8938589035274119,0.6981440247706825,0.9795498998756552,5
0.0,0.3333333333333333,0.0,0.8485520004857022,0.6748110769476281,0.7603993796766177,5
0.0,0.3333333333333333,0.0,0.7115536397304353,0.6188701967301122,0.7486018505584547,5
0.0,0.5,0.2,0.8744763523769049,0.6932037174925958,0.8603547962751864,5
0.0,0.5,0.2,0.7703539554368284,0.6791129082848586,0.7224271736775041,5
0.0,0.5,0.2,0.9634660919191307,0.8326435670781777,1.0,5
0.0,0.3333333333333333,0.0,0.4562943962115233,0.4508749700033423,0.30378402120341014,5
0.0,0.5,0.2,0.7773207455527896,0.5630415649186655,0.6856295550330602,5
0.0,0.5,0.2,0.8521947665594074,0.6745096994073015,0.7620626786879411,5
0.0,0.5,0.2,0.6852498330398884,0.5449899996071907,0.657342706236742,5
0.0,0.5,0.2,0.7520186995325118,0.6131413110236632,0.7483725062009514,5
0.0,0.5,0.2,0.8480511201505677,0.6598734001008507,0.749690070720865,5
0.0,0.5,0.2,0.7961568817922408,0.6290566318602425,0.8249457357589512,5
0.0,0.5,0.2,0.9342936069455405,0.7828959013678746,0.8103821878949163,5
0.0,0.5,0.2,0.8154180074069577,0.6523495005532214,0.7648149119482808,5
0.0,0.5,0.2,0.5784864306963754,0.536371637484424,0.521196578170442,5
0.0,0.3333333333333333,0.0,0.5997662558436039,0.5092590242622059,0.5383606799411883,5
0.0,0.5,0.2,0.8661890595592253,0.7418598732319863,0.8653142922222996,5
0.0,0.5,0.2,0.7880517272782467,0.611874898102485,0.7472830797511736,5
0.0,0.5,0.2,0.762385404650598,0.6331594873400349,0.7436534275407035,5
0.0,0.5,0.2,0.781904559528869,0.6852372027934548,0.8252826772016012,5
0.0,0.5,0.2,0.7108023192277336,0.5483339510374444,0.7211043711532072,5
0.0,0.5,0.2,0.7579989071701778,0.7642506930796942,0.7808910473163028,5
0.0,0.5,0.2,0.875599538582964,0.7101890818784629,0.8372043280497814,5
0.0,0.5,0.2,0.7282344727096108,0.5670162505332437,0.6574840564618619,5
0.0,0.3333333333333333,0.0,0.611939165806569,0.38311472324643736,0.5731944757898623,5
0.0,0.3333333333333333,0.0,0.5905986278914456,0.49148335791823716,0.4824691850371809,5
0.0,0.3333333333333333,0.0,0.6519337016574586,0.5627733017529943,0.6391043983812319,5
0.0,0.3333333333333333,0.0,0.6669145771355715,0.6896923435136892,0.5492072719595688,5
0.0,0.3333333333333333,0.0,0.7835893388379577,0.6218706077142551,0.6853692332741231,5
0.0,0.5,0.2,0.669813611802562,0.5763828435357312,0.6387810996994001,5
0.0,0.5,0.2,0.6065357294639062,0.5497256306651372,0.638040283261598,5
0.0,0.5,0.2,0.8262704146682047,0.6425841505801596,0.8230131935872999,5
0.0,0.3333333333333333,0.0,0.7595622609434765,0.612948515856887,0.7285789229253623,5
0.0,0.5,0.2,0.8715849068059014,0.6636447303971785,0.8547035873043591,5
0.0,0.5,0.2,0.836500516058527,0.6937369945465611,0.8713174357990235,5
0.0,0.3333333333333333,0.0,0.7748770566450125,0.6182458551458442,0.7579410149599458,5
0.0,0.5,0.2,0.6698743245704571,0.4669528677270957,0.588097665902644,5
0.0,0.5,0.2,0.8206848400218565,0.753076823745753,0.7104211498215336,5
0.0,0.5,0.2,0.7319379515512112,0.6589483802772566,0.6909749802304692,5
0.0,0.3333333333333333,0.0,0.701384251108008,0.6099534026075976,0.6999337143956202,5
0.0,0.5,0.2,0.7027502883856475,0.5693674912157729,0.6466316339207513,5
0.0,0.5,0.2,0.7445054945054945,0.780338607054143,0.7575418223827317,5
0.0,0.5,0.2,0.5426507194462995,0.5688631468577522,0.49346148958535846,5
0.0,0.3333333333333333,0.0,0.8446663833404165,0.740900453450079,0.7316461821221459,5
0.0,0.5,0.2,0.8019777184141826,0.8575114523430006,0.7036692293702183,5
0.0,0.5,0.2,0.6873140671483213,0.561894301586158,0.6013886988067636,5
0.0,0.3333333333333333,0.0,0.6725760427417885,0.5771726369112867,0.6726253971114095,5
0.0,0.5,0.2,0.8641096472588184,0.7460581161937211,0.8294419839922816,5
0.0,0.5,0.2,0.7901159613866796,0.5858451630751922,0.7021467332255964,5
0.0,0.3333333333333333,0.0,0.5400097140428632,0.513255070343712,0.40508976595269314,5
0.0,0.5,0.2,0.6492775180620485,0.6203759401210169,0.5881725901900914,5
0.0,0.5,0.2,0.7476322020520916,0.56297970856652,0.6772241909948022,5
0.0,0.3333333333333333,0.0,0.7126768259364944,0.6007756915117412,0.6584860914571149,5
0.0,0.5,0.2,0.7457501062473437,0.71731211948887,0.6726609768262231,5
0.0,0.5,0.2,0.8317952765466579,0.6276623316197093,0.8277863542563059,5
0.0,0.5,0.2,0.6582630077105215,0.5785018527132374,0.6121464552979881,5
0.0,0.5,0.2,0.8620454131503855,0.8173140768253069,0.8556825910614426,5
0.0,0.5,0.2,0.8715849068059014,0.6636447303971785,0.8547035873043591,5
0.0,0.5,0.2,0.857279460870621,0.7395053408902013,0.83291943118024,5
0.0,0.3333333333333333,0.0,0.6195282617934551,0.5746764572668214,0.5830520519459078,5
0.0,0.5,0.2,0.5029825147228462,0.47453156704404614,0.48724585734855896,5
0.0,0.3333333333333333,0.0,0.8261489891324144,0.7219402842294086,0.8156617402120677,5
0.0,0.5,0.2,0.6955482362940927,0.5956279037458652,0.6662630584123165,5
0.0,0.3333333333333333,0.0,0.6190880942262157,0.49712741629421764,0.5081652006133554,5
0.0,0.5,0.2,0.6150203387772448,0.47414255084195533,0.5690765015018937,5
0.0,0.5,0.2,0.8177402707789448,0.6099170389555654,0.792073300332348,5
0.0,0.5,0.2,0.8083297917552061,0.8152593468306855,0.7673995290720773,5
0.0,0.5,0.2,0.8885920709125128,0.7080674450244694,0.8839800029903842,5
0.0,0.3333333333333333,0.0,0.6270566450124462,0.5230814714132215,0.5110450644312984,5
0.0,0.5,0.2,0.6226853257239998,0.5986211239379006,0.6384164021389662,5
0.0,0.5,0.2,0.7157428207151965,0.541240213432599,0.6123857444941135,5
0.0,0.5,0.2,0.6069151842632506,0.5107998315941918,0.5603807227268863,5
0.0,0.5,0.2,0.6690547022038734,0.6120368251341833,0.5740749574875293,5
0.0,0.3333333333333333,0.0,0.6918295792605185,0.4865873185125835,0.5671871190456309,5
0.0,0.5,0.2,0.8991409143342846,0.6939166089490227,0.846071738626443,5
0.0,0.3333333333333333,0.0,0.6199077165927994,0.526094914825103,0.5240328221915408,5
0.0,0.3333333333333333,0.0,0.6038491894845487,0.46856094922807034,0.5634767791695003,5
0.0,0.5,0.2,0.7380244065326937,0.5830311193395372,0.6485488606866745,5
0.0,0.5,0.2,0.7419859146378485,0.6434968937861874,0.6967492330963748,5
0.0,0.5,0.2,0.582311335073766,0.627402318793116,0.5108861158434813,5
0.0,0.3333333333333333,0.0,0.5319804504887379,0.4049639168100511,0.47671545931914167,5
0.0,0.5,0.2,0.7704753809726186,0.6885328742000801,0.7091099347107213,5
0.0,0.5,0.2,0.9270080747981301,0.7340119500934446,0.9208664118043202,5
0.0,0.5,0.2,0.8127162892356262,0.6223311857187421,0.8247962626068398,5
0.0,0.5,0.2,0.7011262218444538,0.5142080904619165,0.6160157274738643,5
0.5,0.16666666666666666,0.2,0.34519762005949844,0.312072953566788,0.18840504338361103,6
0.5,0.16666666666666666,0.2,0.3648382004735597,0.32276003170418827,0.17685921111337558,6
0.5,0.16666666666666666,0.2,0.4554064719810577,0.2579894309342042,0.25354071991907823,6
0.5,0.16666666666666666,0.2,0.5142675004553459,0.31740298341161255,0.2672715359085436,6
0.5,0.16666666666666666,0.2,0.2603363487341388,0.29119552703911245,0.1455122647157063,6
0.5,0.16666666666666666,0.2,0.303138850100176,0.13354097016316435,0.127110856009874,6
0.5,0.16666666666666666,0.2,0.2873838868314006,0.23691487922446586,0.15139938287011986,6
0.5,0.16666666666666666,0.2,0.23674184931091002,0.14227055646326167,0.10671704293728494,6
0.5,0.16666666666666666,0.2,0.30872442474652423,0.2453461112249261,0.1303090147585647,6
0.5,0.16666666666666666,0.2,0.29114807844089613,0.13153392684586812,0.1279837021309036,6
0.5,0.16666666666666666,0.2,0.32794001578531956,0.3219827904284115,0.17810940221979685,6
0.5,0.16666666666666666,0.2,0.39200716410661157,0.282272078961622,0.21453972861408943,6
0.5,0.16666666666666666,0.2,0.2567542954283285,0.1752504746081724,0.1138596826844333,6
0.5,0.16666666666666666,0.2,0.5501183898973954,0.45411775588884024,0.31463559478993103,6
0.5,0.16666666666666666,0.2,0.2848794851557283,0.21166627047850886,0.12040196403586596,6
0.5,0.16666666666666666,0.2,0.5450336955861819,0.3362292682770741,0.3224553210251312,6
0.5,0.16666666666666666,0.2,0.549738935098051,0.4402976326775137,0.29157488351476973,6
0.5,0.16666666666666666,0.2,0.2976139882217231,0.2636607903037948,0.1501249063297718,6
0.5,0.16666666666666666,0.2,0.2696861149899824,0.13861312040263013,0.11177779576722961,6
0.5,0.16666666666666666,0.2,0.40237386922469803,0.2253352811008841,0.1946745522638432,6
0.5,0.16666666666666666,0.2,0.3804110254386498,0.282004762324578,0.17473720933109116,6
0.5,0.16666666666666666,0.2,0.31889381336895156,0.2771983535289932,0.15741567497065911,6
0.5,0.16666666666666666,0.2,0.273708335863032,0.20781490906766584,0.16327804786383293,6
0.5,0.16666666666666666,0.2,0.4726033634873414,0.3438597088044236,0.27309412302113695,6
0.5,0.16666666666666666,0.2,0.2701869953251169,0.17104562713698715,0.12084599615570077,6
0.5,0.16666666666666666,0.2,0.2818590249529475,0.22911957318848608,0.1379756252426168,6
0.5,0.16666666666666666,0.2,0.27709307267318317,0.17439882488047137,0.11190316639195816,6
0.5,0.16666666666666666,0.2,0.31839293303381705,0.2011842429345118,0.14771791826288655,6
0.5,0.16666666666666666,0.2,0.32259729221055194,0.23705113696488916,0.1603456970860586,6
0.5,0.16666666666666666,0.2,0.23303078137332273,0.12337111341130133,0.0786268348943297,6
0.5,0.16666666666666666,0.2,0.3199031631352073,0.2863380692704827,0.16877974760667422,6
0.5,0.16666666666666666,0.2,0.2594560135996599,0.24559836816769423,0.11955508609181857,6
0.5,0.16666666666666666,0.2,0.26259789933823086,0.172911220933704,0.10652900117175026,6
0.5,0.16666666666666666,0.2,0.2861999878574463,0.25846941277554697,0.14246437619512137,6
0.5,0.16666666666666666,0.2,0.33026227915730677,0.3325247247581282,0.17420251720624783,6
0.5,0.16666666666666666,0.2,0.27426992896606145,0.22528245208892841,0.14238986376275176,6
0.5,0.16666666666666666,0.2,0.44147289174913484,0.3153841861865887,0.2385311212526168,6
0.5,0.16666666666666666,0.2,0.26115597110072253,0.2977258258195619,0.14681308862271156,6
0.5,0.16666666666666666,0.2,0.31751259789933817,0.18215141704624174,0.11980892516795152,6
0.5,0.16666666666666666,0.2,0.3437556918219901,0.2777023941502158,0.1666081157118302,6
0.5,0.16666666666666666,0.2,0.4802531722421226,0.3972502029544564,0.28041258305584593,6
0.5,0.16666666666666666,0.2,0.2690638091190578,0.16548566147224242,0.12076933511428281,6
0.5,0.16666666666666666,0.2,0.332584542529294,0.29183745003944667,0.16613199757211625,6
0.5,0.16666666666666666,0.2,0.3774512780037641,0.29853098968983816,0.18475225154122504,6
0.5,0.16666666666666666,0.2,0.4682016878149474,0.37175314457117914,0.26141668700783943,6
0.5,0.3333333333333333,0.4,0.38235383401129264,0.36493594872566837,0.19147759663317404,6
0.5,0.16666666666666666,0.2,0.4202537793698015,0.2178755477177963,0.21979270492102107,6
0.5,0.16666666666666666,0.2,0.21759456013599657,0.11298668427059229,0.056410249897574045,6
0.5,0.16666666666666666,0.2,0.2941002367797947,0.23087440900853964,0.12551667314642653,6
0.5,0.16666666666666666,0.2,0.2829366765830855,0.17037949702019722,0.12054762927775374,6
0.5,0.16666666666666666,0.2,0.22858357112500763,0.16260216796448576,0.08823221454042673,6
0.5,0.16666666666666666,0.2,0.37142553579017673,0.33961904864563097,0.1822937248345782,6
0.5,0.16666666666666666,0.2,0.3017576346305628,0.33893134615251913,0.15450951147005895,6
0.5,0.16666666666666666,0.2,0.27490741302895993,0.13876599890319943,0.12222625544611838,6
0.5,0.16666666666666666,0.2,0.2501062473438163,0.1412885330126476,0.10447260062644581,6
0.5,0.16666666666666666,0.2,0.2570730374597778,0.27667681625546237,0.14356057053476598,6
0.5,0.16666666666666666,0.2,0.2706271628923562,0.2830585382960432,0.15183626799223443,6
0.5,0.16666666666666666,0.2,0.4359480298706817,0.38314097882036957,0.26179736755868105,6
0.5,0.16666666666666666,0.2,0.26039706150203396,0.1814975494197254,0.11588987177552892,6
0.5,0.16666666666666666,0.2,0.30930119604152756,0.2596472828882127,0.16470840176539106,6
0.5,0.16666666666666666,0.2,0.38643676765223717,0.25966162915419494,0.20534315970686604,6
0.5,0.16666666666666666,0.2,0.2948515572824965,0.1483521017834161,0.14555167118139994,6
0.5,0.16666666666666666,0.2,0.2541284682168659,0.18015947580510022,0.1181576443575863,6
0.5,0.3333333333333333,0.2,0.3061593103029568,0.222524670297414,0.1292583440772772,6
0.5,0.16666666666666666,0.2,0.4923805476291664,0.4116008625249179,0.2630962920950619,6
0.5,0.16666666666666666,0.2,0.27917248497358993,0.2197566320912239,0.148031217559002,6
0.5,0.16666666666666666,0.2,0.2989344909234411,0.1784938891582062,0.1428883783571077,6
0.5,0.16666666666666666,0.2,0.28469734685204307,0.1436929135075774,0.13353279251316147,6
0.5,0.16666666666666666,0.2,0.24125736142310722,0.19731123851088195,0.1139142600068918,6
0.5,0.16666666666666666,0.2,0.3847368101511748,0.3523005968096095,0.191060300342163,6
0.5,0.16666666666666666,0.2,0.3575678465181226,0.3072210548879308,0.17809318836300714,6
0.5,0.16666666666666666,0.2,0.26115597110072253,0.2977258258195619,0.14681308862271156,6
0.5,0.16666666666666666,0.2,0.27917248497358993,0.2197566320912239,0.148031217559002,6
0.5,0.16666666666666666,0.2,0.3300042498937527,0.21014081245030417,0.19387281423994235,6
0.5,0.16666666666666666,0.2,0.26630137817983124,0.2670702288004801,0.15070157847650623,6
0.5,0.16666666666666666,0.2,0.29635419828790005,0.23982071504600994,0.15287917753982364,6
0.5,0.16666666666666666,0.2,0.25387043895331185,0.19534660532699683,0.1329258416555073,6
0.5,0.16666666666666666,0.2,0.27766984396818645,0.20885709359527238,0.12704769444420638,6
0.5,0.16666666666666666,0.2,0.2556918219901646,0.22724192174724334,0.11944346679397586,6
0.5,0.16666666666666666,0.2,0.31035608038370477,0.3443331850273666,0.15520347233069234,6
0.5,0.16666666666666666,0.2,0.24282071519640588,0.2623026841877781,0.13584051988135415,6
0.5,0.16666666666666666,0.2,0.23655212191123784,0.13521927843735246,0.07865312990323947,6
0.5,0.16666666666666666,0.2,0.28714103575982036,0.28548917436490523,0.16739169447686467,6
0.5,0.16666666666666666,0.2,0.3536063384129682,0.26418713085692574,0.1709533434287425,6
0.5,0.16666666666666666,0.2,0.3796521158399612,0.26216822061355843,0.18127175111810745,6
0.5,0.16666666666666666,0.2,0.23899581081901516,0.2537900012798621,0.11866066737630887,6
0.5,0.16666666666666666,0.2,0.259395300831765,0.19298490338404398,0.11825345530510697,6
0.5,0.16666666666666666,0.2,0.460172424260822,0.2700827115564415,0.28034786650158866,6
0.5,0.16666666666666666,0.2,0.32227855017910273,0.2297009607385648,0.1520829893026432,6
0.5,0.16666666666666666,0.2,0.2568908991560925,0.16027662482781746,0.12015993292698215,6
0.5,0.16666666666666666,0.2,0.2687450670876086,0.29376817772027153,0.12337592697318513,6
0.5,0.16666666666666666,0.2,0.31104668811851127,0.21409464618050028,0.1433558215934519,6
0.5,0.16666666666666666,0.2,0.29899520369133625,0.16808375540798962,0.1369827335668321,6
0.5,0.16666666666666666,0.2,0.23855564325177583,0.262197167436796,0.12838343436229135,6
0.5,0.16666666666666666,0.2,0.29805415578896244,0.22100102762635224,0.13332418490621545,6
0.5,0.16666666666666666,0.2,0.3323265132657397,0.20460244741646755,0.19596617845491193,6
0.5,0.16666666666666666,0.2,0.3097868981846882,0.26562317018445575,0.1530794313664133,6
0.5,0.16666666666666666,0.2,0.2821777669843967,0.2301903725479462,0.13606187829233396,6
0.5,0.16666666666666666,0.2,0.24351891202719927,0.13813084993983085,0.10159157690342842,6
0.5,0.3333333333333333,0.4,0.4560287778519823,0.32904233292069157,0.2518673925392263,6
0.5,0.16666666666666666,0.2,0.2367342602149231,0.16995032398791948,0.10622670894297079,6
0.5,0.16666666666666666,0.2,0.26335680893691943,0.11525768192921237,0.10074768701684021,6
0.5,0.16666666666666666,0.2,0.42119482727217533,0.3607998022800589,0.23056906919589057,6
0.5,0.16666666666666666,0.2,0.2999969643616053,0.17451557282934194,0.14369702731171818,6
0.5,0.16666666666666666,0.2,0.4591099508226581,0.3993170471027752,0.2421731540648014,6
0.5,0.16666666666666666,0.2,0.29743184991803784,0.23639780617550463,0.13977720377065633,6
0.5,0.16666666666666666,0.2,0.26912452188695274,0.2018671138934376,0.11969271702133615,6
0.5,0.16666666666666666,0.2,0.35284742881427966,0.3704658797656189,0.19671320359970573,6
0.5,0.16666666666666666,0.2,0.2959292089126343,0.21259674343717852,0.1428805813663455,6
0.5,0.16666666666666666,0.2,0.2696861149899824,0.2407699419860597,0.15037532655539315,6
0.5,0.16666666666666666,0.2,0.3964088397790056,0.32490103707680495,0.22924378886461078,6
0.5,0.16666666666666666,0.2,0.28405986278914463,0.21730606241202097,0.12997475740933587,6
0.5,0.16666666666666666,0.2,0.3118055977172,0.28634234277659754,0.13471065981816735,6
0.5,0.16666666666666666,0.2,0.3618860421346609,0.22692649461408623,0.15760984649590676,6
0.5,0.16666666666666666,0.2,0.32529901038188336,0.2796536841059174,0.1633103223324278,6
0.5,0.16666666666666666,0.2,0.24320016999575006,0.1819114720392725,0.11277473244673732,6
0.5,0.16666666666666666,0.2,0.26009349766255835,0.21329831893195925,0.1042412595126722,6
0.5,0.16666666666666666,0.2,0.4764282678647319,0.3043217600030188,0.25623723127855297,6
0.5,0.16666666666666666,0.2,0.209246554550422,0.12847454147734003,0.09590166515163641,6
0.5,0.16666666666666666,0.2,0.26071580353348317,0.19570293097322036,0.13858916234748914,6
0.5,0.16666666666666666,0.2,0.32209641187541743,0.2732621082785096,0.17565247671047202,6
0.5,0.16666666666666666,0.2,0.28920526986825335,0.18985375843101845,0.14458661880990303,6
0.5,0.16666666666666666,0.2,0.2844393175884888,0.1905974050041797,0.13704381032506133,6
0.5,0.16666666666666666,0.2,0.4421559103879546,0.2529006316800067,0.25871609916069277,6
0.5,0.16666666666666666,0.2,0.24571974986339618,0.1586056486186661,0.09963823616378285,6
0.5,0.16666666666666666,0.2,0.26812276121668394,0.21170335462248097,0.12807016601394552,6
0.5,0.16666666666666666,0.2,0.2825572217837411,0.16011065032669125,0.1385436563582524,6
0.5,0.16666666666666666,0.2,0.2970523951186934,0.21789771344042191,0.14485926948473574,6
0.5,0.16666666666666666,0.2,0.24119664865521226,0.06946034638045583,0.06074154181095019,6
0.5,0.16666666666666666,0.2,0.3026379697650415,0.22192373763755038,0.14192566832768458,6
0.5,0.16666666666666666,0.2,0.20492076983789687,0.21070625028665163,0.12589829342421327,6
0.5,0.16666666666666666,0.2,0.3419343087851376,0.15920774678019753,0.17953845879943103,6
0.5,0.16666666666666666,0.2,0.3430574949911967,0.23035431271888876,0.17132388675799265,6
0.5,0.16666666666666666,0.2,0.27332888106368763,0.2060100202487197,0.12271409725764736,6
0.5,0.16666666666666666,0.2,0.3975320259850647,0.29184543902360516,0.2062463632846394,6
0.5,0.16666666666666666,0.2,0.5087578167688666,0.49823563885268046,0.33117991233048644,6
0.5,0.16666666666666666,0.2,0.35192155910387946,0.345173455220603,0.20378485100989266,6
0.5,0.16666666666666666,0.2,0.3733076315949244,0.3108455178468362,0.2034869145313867,6
0.0,0.3333333333333333,0.0,0.297674700989618,0.1798245530076834,0.12687997149704008,6
0.5,0.16666666666666666,0.2,0.5314036791937343,0.3431193892087501,0.28932478456071753,6
0.5,0.16666666666666666,0.2,0.30892174124218313,0.17422589268757127,0.13590480166739435,6
0.5,0.16666666666666666,0.2,0.24628134296642581,0.2511202607779608,0.10238775554702961,6
0.5,0.16666666666666666,0.2,0.24590188816708144,0.13915693641713023,0.08101445028782611,6
0.5,0.16666666666666666,0.2,0.30784408961204535,0.1738376322956528,0.12948563593756504,6
0.5,0.16666666666666666,0.2,0.27571185720357,0.16797798436573458,0.1268928497220548,6
0.5,0.16666666666666666,0.2,0.23787262461295605,0.2028792143507246,0.11284896511751769,6
0.5,0.16666666666666666,0.2,0.2956104668811851,0.18939893023475848,0.12786260482183529,6
0.5,0.16666666666666666,0.2,0.304398640033999,0.17126214909225904,0.13440600676431702,6
0.5,0.16666666666666666,0.2,0.4152297978264829,0.2817548010669129,0.19557989748095472,6
0.5,0.16666666666666666,0.2,0.3489010989010988,0.3200814263259661,0.1858079900150926,6
0.5,0.16666666666666666,0.2,0.32233926294699766,0.2528116862436453,0.15747026048891166,6
0.5,0.16666666666666666,0.2,0.4704632384190394,0.3042056831005628,0.27331013974554585,6
0.5,0.16666666666666666,0.2,0.42621880881549395,0.23113464787181984,0.2628209305655756,6
0.5,0.16666666666666666,0.2,0.2621577317709915,0.1564054993341489,0.10300082658631401,6
0.5,0.16666666666666666,0.2,0.32642219658794247,0.12628530552662035,0.12375090535330785,6
0.5,0.16666666666666666,0.2,0.35026713617873834,0.26241044717833784,0.15832168822990736,6
0.5,0.16666666666666666,0.2,0.36923987614595344,0.3391191473212404,0.19065447257603382,6
0.5,0.16666666666666666,0.2,0.2584542529293911,0.20207390920751905,0.1250094555696451,6
0.5,0.16666666666666666,0.2,0.2678040191852347,0.1392189976150234,0.12358593356287795,6
0.0,0.5,0.2,0.6265633537732985,0.5474184247547074,0.5125625417324754,6
0.5,0.16666666666666666,0.2,0.3387317102786715,0.25924760057995094,0.17115663871562345,6
0.5,0.16666666666666666,0.2,0.38982150446238834,0.39507698029028615,0.20310490333244718,6
0.5,0.16666666666666666,0.2,0.401432821322324,0.33708779093279123,0.23577833005532142,6
0.5,0.16666666666666666,0.2,0.24163681622245162,0.2470657206400294,0.10357684453177428,6
0.5,0.16666666666666666,0.2,0.26554246858114267,0.2150354249993709,0.14464297377976162,6
0.5,0.16666666666666666,0.2,0.33847368101511743,0.23967570544760924,0.17735062557889492,6
0.5,0.16666666666666666,0.2,0.3210339384372533,0.24562751277303305,0.15423428650759358,6
0.5,0.16666666666666666,0.2,0.2558132475259547,0.2577485605895472,0.13036303493748874,6
0.5,0.16666666666666666,0.2,0.2665594074433853,0.25881806023805676,0.1338531382811386,6
0.5,0.16666666666666666,0.2,0.31022706575192754,0.28639287610345016,0.1552643407216122,6
0.5,0.16666666666666666,0.2,0.284621455892174,0.20369718461205247,0.13589350938803674,6
0.5,0.16666666666666666,0.2,0.2835589824540101,0.1944513940915099,0.14031131289634866,6
0.5,0.16666666666666666,0.2,0.35655090765588004,0.2106524464914829,0.1454497888228644,6
0.5,0.16666666666666666,0.2,0.32278701961022394,0.2653751726205095,0.16195421921830966,6
0.5,0.16666666666666666,0.2,0.2707637666201202,0.15153628765779156,0.09977488647354561,6
0.5,0.16666666666666666,0.2,0.25513022888713494,0.13692283924767387,0.09475166893735905,6
0.5,0.16666666666666666,0.2,0.30207637666201204,0.2001475539238596,0.14840227906736256,6
0.5,0.16666666666666666,0.2,0.30892174124218313,0.21546965560252165,0.1538718671931899,6
0.5,0.16666666666666666,0.2,0.2498633962722361,0.2332062246632741,0.11737883675838119,6
0.5,0.16666666666666666,0.2,0.2432153481877239,0.203018488268191,0.12767404050593475,6
0.5,0.16666666666666666,0.2,0.24578046263129133,0.27270054838407476,0.11478982589306812,6
0.5,0.16666666666666666,0.2,0.316131382429725,0.21828362870171186,0.15493795988689438,6
0.5,0.16666666666666666,0.2,0.34519762005949844,0.3103957401578029,0.18713724177576657,6
0.5,0.16666666666666666,0.2,0.23429057130714578,0.2427093650156902,0.11406622964113998,6
0.5,0.16666666666666666,0.2,0.513584481816526,0.35305197101200986,0.2728716397643864,6
0.5,0.16666666666666666,0.2,0.24357962479509443,0.2525682941771982,0.10743235566135373,6
0.5,0.16666666666666666,0.2,0.3013326452552971,0.33361263933298724,0.1598837951052962,6
0.5,0.16666666666666666,0.2,0.2588944204966305,0.13685762766345486,0.10313002862885151,6
0.5,0.16666666666666666,0.2,0.2915882460081355,0.14825768908468637,0.10880182592590586,6
0.5,0.16666666666666666,0.2,0.3011353287596382,0.15407205904072618,0.12249818224674945,6
0.5,0.16666666666666666,0.2,0.27132535972314986,0.24887794858765888,0.13344469677326298,6
0.5,0.16666666666666666,0.2,0.44147289174913484,0.24989265553049364,0.2460520431886504,6
0.5,0.16666666666666666,0.2,0.2706271628923562,0.20836783012246693,0.12315027038332503,6
0.5,0.16666666666666666,0.2,0.47844696739724374,0.4004977709286151,0.2683904595275679,6
0.5,0.16666666666666666,0.2,0.2748315220690911,0.23812933902585076,0.12806108351021972,6
0.5,0.16666666666666666,0.2,0.2979934430210673,0.2391967831532372,0.14226114122437541,6
0.5,0.16666666666666666,0.2,0.2300862121304111,0.14804618231840874,0.09320808938835667,6
0.5,0.16666666666666666,0.2,0.40055248618784534,0.34112166284114886,0.2552756639177464,6
0.5,0.16666666666666666,0.2,0.3669024345819926,0.19834328670580273,0.13821558818111507,6
0.5,0.16666666666666666,0.2,0.26291664136968007,0.2566989662967928,0.15082434338544065,6
0.0,0.3333333333333333,0.0,0.29806933398093627,0.3408246223797554,0.17970878626110198,7
0.0,0.3333333333333333,0.0,0.34067451885131433,0.38317566132454156,0.23147301250079505,7
0.0,0.3333333333333333,0.0,0.6334618420253779,0.5005533484054127,0.41463154942482944,7
0.0,0.3333333333333333,0.0,0.44403800619270223,0.38949393062887466,0.2998367854685224,7
0.0,0.3333333333333333,0.0,0.41128346791330206,0.4315733229213302,0.25156827439854634,7
0.0,0.3333333333333333,0.0,0.5782284014328214,0.5302144122559804,0.39013444622463533,7
0.0,0.3333333333333333,0.0,0.32812215408900486,0.3159877041410606,0.1832715736671656,7
0.0,0.3333333333333333,0.0,0.5432123125493291,0.522552665647472,0.39310737509845683,7
0.0,0.3333333333333333,0.0,0.40399793576589166,0.38908858327614315,0.2540136121082137,7
0.0,0.5,0.2,0.47969157913909294,0.4241907245577044,0.2771335811842284,7
0.0,0.3333333333333333,0.0,0.5219324874021006,0.45275584953102227,0.3311094201942047,7
0.0,0.3333333333333333,0.0,0.4270991439499726,0.36000162435614247,0.24605581015957476,7
0.0,0.3333333333333333,0.0,0.4604911662922712,0.3862406199101351,0.27047910639670625,7
0.0,0.3333333333333333,0.0,0.41592799465727653,0.4595259449818652,0.29852348232451814,7
0.0,0.3333333333333333,0.0,0.49236536943719256,0.5101735545707906,0.320922173619855,7
0.0,0.3333333333333333,0.0,0.4318650962297372,0.5155200992210641,0.2895503526692263,7
0.0,0.3333333333333333,0.0,0.35837229069273274,0.3724769493614037,0.22962106552093228,7
0.0,0.5,0.2,0.39226519337016563,0.4413688982376407,0.2518805739144025,7
0.0,0.3333333333333333,0.0,0.49940805051302295,0.515472977635457,0.3440013780001504,7
0.0,0.3333333333333333,0.0,0.5563262704146683,0.4912888392217221,0.3769606666924547,7
0.0,0.3333333333333333,0.0,0.397972193552304,0.395959830144449,0.25053176075950534,7
0.0,0.3333333333333333,0.0,0.37286746402768506,0.3489391487270473,0.21597556612235366,7
0.0,0.3333333333333333,0.0,0.37148624855807166,0.3992154153573522,0.25983460641019607,7
0.0,0.5,0.2,0.4143039281160829,0.43579952379579684,0.2624170262274723,7
0.0,0.3333333333333333,0.0,0.3761307753020461,0.3874083960719939,0.23075583245102443,7
0.0,0.3333333333333333,0.0,0.5415730678161617,0.5310995083497211,0.39252317979420476,7
0.0,0.3333333333333333,0.0,0.38504037399065016,0.48686838806930627,0.25797556635736757,7
0.0,0.3333333333333333,0.0,0.4810727946087061,0.4993042060998558,0.3285428942871998,7
0.0,0.3333333333333333,0.0,0.42621880881549395,0.3785840226999038,0.2685153887360768,7
0.0,0.3333333333333333,0.0,0.513645194584421,0.4562336923801317,0.37601865734701234,7
0.0,0.5,0.2,0.39370712160767396,0.43233240356203034,0.2697821352795536,7
0.0,0.3333333333333333,0.0,0.4155485398579321,0.3936089143896574,0.2705677421868691,7
0.0,0.5,0.2,0.5293394450853014,0.44253243621161703,0.39397740085037875,7
0.0,0.3333333333333333,0.0,0.36401857810697597,0.36891886348838515,0.22738627330200095,7
0.0,0.3333333333333333,0.0,0.36521765527290384,0.3376112565818087,0.22368783319506297,7
0.0,0.5,0.2,0.5628528929633901,0.47514518601297134,0.3914166977922324,7
0.0,0.3333333333333333,0.0,0.3312488616356019,0.35131023119251337,0.1960770325171288,7
0.0,0.3333333333333333,0.0,0.48916277093072663,0.5503323343241676,0.33879553005606794,7
0.0,0.5,0.2,0.47084269321838385,0.47200713987734366,0.3854957396120148,7
0.0,0.3333333333333333,0.0,0.5246949183413272,0.4510456630203111,0.3200482763699513,7
0.0,0.3333333333333333,0.0,0.3231588853135814,0.35034927859932186,0.21200605915206078,7
0.0,0.3333333333333333,0.0,0.5044775666322627,0.44891215217660013,0.31794660961538446,7
0.0,0.3333333333333333,0.0,0.3701050330884585,0.4869631256957737,0.24944225303425324,7
0.0,0.3333333333333333,0.0,0.38077530204602034,0.3526330473307615,0.22458972013110384,7
0.0,0.3333333333333333,0.0,0.49186448910205827,0.4837858904495256,0.3592171710163562,7
0.0,0.3333333333333333,0.0,0.3834770202173517,0.36972688813548205,0.22777494158456416,7
0.0,0.3333333333333333,0.0,0.27855017910266533,0.2987592796801305,0.1465750287330892,7
0.0,0.3333333333333333,0.0,0.3035790176674155,0.338952212164194,0.20843092142074346,7
0.0,0.5,0.2,0.37827090037034783,0.42613807299867523,0.23545640138086263,7
0.0,0.3333333333333333,0.0,0.6200898548964847,0.5834228621091657,0.41989911531010743,7
0.0,0.3333333333333333,0.0,0.4136664440531845,0.3566589302549604,0.22937328504887872,7
0.0,0.3333333333333333,0.0,0.38579928358933896,0.3767265662239214,0.23259666942829538,7
0.0,0.3333333333333333,0.0,0.3997328638212616,0.5159736630246058,0.2868673529843543,7
0.0,0.3333333333333333,0.0,0.38742335013053253,0.441475679381341,0.23973094476882076,7
0.0,0.3333333333333333,0.0,0.3217776698439682,0.34406220235780427,0.20592765144819153,7
0.0,0.3333333333333333,0.0,0.39929269625402225,0.3269415196964944,0.2472395560209122,7
0.0,0.3333333333333333,0.0,0.35228583571125,0.297914644153375,0.1970561384594371,7
0.0,0.3333333333333333,0.0,0.5371865703357416,0.5542119644481871,0.3956558075832069,7
0.0,0.3333333333333333,0.0,0.41234594135146624,0.47653000683994085,0.26425564646869915,7
0.0,0.3333333333333333,0.0,0.43036245522433364,0.4686588796227425,0.2630282733684736,7
0.0,0.3333333333333333,0.0,0.5611529354623278,0.6264119107941412,0.41358027031585826,7
0.0,0.3333333333333333,0.0,0.34864306963754477,0.36121637376703264,0.23810684804179888,7
0.0,0.3333333333333333,0.0,0.4272812822536579,0.439416781835302,0.2692758060494897,7
0.0,0.3333333333333333,0.0,0.3953311881488678,0.4479455839844644,0.2433968046548286,7
0.0,0.3333333333333333,0.0,0.3811547568453645,0.33837932218081984,0.19725401130433579,7
0.0,0.3333333333333333,0.0,0.5032329548904134,0.4282101089271501,0.35748992578103395,7
0.0,0.3333333333333333,0.0,0.3960293849796612,0.4214188649187736,0.2769493622154844,7
0.0,0.3333333333333333,0.0,0.37954586849614474,0.5330193721422738,0.3626308277958613,7
0.0,0.3333333333333333,0.0,0.3465029445692428,0.3895082133220387,0.22227091215161948,7
0.0,0.3333333333333333,0.0,0.4397729342480724,0.45360637613893445,0.3265697935060525,7
0.0,0.3333333333333333,0.0,0.4422773359237447,0.4461636661438415,0.2509387717393191,7
0.0,0.3333333333333333,0.0,0.34581992593042327,0.29545267374876816,0.1961019668723589,7
0.0,0.3333333333333333,0.0,0.40399793576589166,0.3412590366377145,0.23855085352065408,7
0.0,0.3333333333333333,0.0,0.395968672211766,0.3448503922856109,0.22208946867966975,7
0.0,0.3333333333333333,0.0,0.41919130593163734,0.47620012748610435,0.28339451067103905,7
0.0,0.3333333333333333,0.0,0.3913241454677918,0.4015007169000758,0.2442109410183689,7
0.0,0.3333333333333333,0.0,0.5462783073280311,0.5806585676356052,0.36943445997551344,7
0.0,0.3333333333333333,0.0,0.37556918219901647,0.23700197398545184,0.18662494896684073,7
0.0,0.3333333333333333,0.0,0.4680802622791573,0.5204648707237205,0.3130783425111004,7
0.0,0.3333333333333333,0.0,0.39232590613806084,0.34709243605734696,0.2273894467727195,7
0.0,0.3333333333333333,0.0,0.4495021553032602,0.4200381268794642,0.30384622599349254,7
0.0,0.3333333333333333,0.0,0.34173699228947846,0.35674752957264466,0.20207564561237407,7
0.0,0.3333333333333333,0.0,0.4126039706150203,0.35061259014881685,0.2454363713862564,7
0.0,0.3333333333333333,0.0,0.40117479205876994,0.3542909911121739,0.22703905368336674,7
0.0,0.3333333333333333,0.0,0.5796703296703297,0.5801097717503432,0.37197001301288407,7
0.0,0.3333333333333333,0.0,0.46513569303624547,0.4167595000517731,0.31218854611806407,7
0.0,0.3333333333333333,0.0,0.5172879606581264,0.4571353244702607,0.3106501045385158,7
0.0,0.3333333333333333,0.0,0.5293394450853014,0.5592130473405093,0.3867598000624009,7
0.0,0.3333333333333333,0.0,0.3960900977475564,0.4104614751582255,0.23966175117558797,7
0.0,0.3333333333333333,0.0,0.43042316799222885,0.4107303528611396,0.2578553987049925,7
0.0,0.3333333333333333,0.0,0.49468763280917977,0.4575353528971996,0.35392057365302404,7
0.0,0.3333333333333333,0.0,0.545276546657762,0.4615322819345144,0.3685543001031616,7
0.0,0.3333333333333333,0.0,0.3426173274239572,0.3595903859222543,0.22810504592311648,7
0.0,0.5,0.2,0.4865976564871592,0.4694271359402084,0.3635518246464722,7
0.0,0.3333333333333333,0.0,0.3905045231012081,0.40161189869552744,0.24413933862968953,7
0.0,0.3333333333333333,0.0,0.419752899034667,0.38435270499057006,0.24731377409584,7
0.0,0.3333333333333333,0.0,0.41316556371804997,0.47518309660358055,0.27390259091948677,7
0.0,0.3333333333333333,0.0,0.4318650962297372,0.5037599825482726,0.27261881763802565,7
0.0,0.3333333333333333,0.0,0.4974500637484063,0.47470038819470006,0.3841138776663635,7
0.0,0.5,0.2,0.4012355048266651,0.4425698311560339,0.2578993768276309,7
0.0,0.3333333333333333,0.0,0.3737477991621637,0.3996307648334864,0.225346902308847,7
0.0,0.5,0.2,0.5084390747374173,0.42729259775975464,0.36874425067111627,7
0.0,0.3333333333333333,0.0,0.586576407018396,0.4902342438672663,0.39764566510850935,7
0.0,0.5,0.2,0.4705998421468034,0.4387234496159529,0.3328292736662953,7
0.0,0.3333333333333333,0.0,0.419752899034667,0.39517125877973297,0.25742793697820465,7
0.0,0.3333333333333333,0.0,0.38121546961325964,0.36557154269876474,0.2375817328926114,7
0.0,0.3333333333333333,0.0,0.35887317102786725,0.3797948659142955,0.23871427888028687,7
0.0,0.3333333333333333,0.0,0.39370712160767396,0.4169178104964784,0.24659052858881356,7
0.0,0.5,0.2,0.4113441806811972,0.42261143447974514,0.2666868493965463,7
0.0,0.3333333333333333,0.0,0.5182897213283955,0.5408310022652479,0.3353058832606696,7
0.0,0.5,0.2,0.3892599113593589,0.33235101556411634,0.2568643428641423,7
0.0,0.3333333333333333,0.0,0.35422864428389284,0.3430617710444871,0.2166670850101331,7
0.0,0.3333333333333333,0.0,0.37550846943112126,0.41269372165230644,0.2383404717716184,7
0.0,0.3333333333333333,0.0,0.4441746099204662,0.3785418597941193,0.28872166404479477,7
0.0,0.3333333333333333,0.0,0.4256572157124643,0.37629084519136513,0.2573095715116429,7
0.0,0.3333333333333333,0.0,0.39232590613806084,0.42771616225673453,0.2497052071555427,7
0.0,0.3333333333333333,0.0,0.4916216380304778,0.4351934488013025,0.35616046186756317,7
0.0,0.3333333333333333,0.0,0.4063809119057738,0.46329918952638677,0.31345527980377685,7
0.0,0.3333333333333333,0.0,0.4936251593710158,0.4309603114260013,0.31671759942792044,7
0.0,0.3333333333333333,0.0,0.5128862849857324,0.5243261494942087,0.3514169024882327,7
0.0,0.3333333333333333,0.0,0.44573796369376484,0.3868836024574399,0.31057895703686217,7
0.0,0.5,0.2,0.37827090037034783,0.42613807299867523,0.23545640138086263,7
0.0,0.5,0.2,0.48609677615202473,0.45732596522486324,0.3205892608457472,7
0.0,0.3333333333333333,0.0,0.3955285046445267,0.37037569819112526,0.22284593643112335,7
0.0,0.3333333333333333,0.0,0.531843846760974,0.46613896612613515,0.3964232023718216,7
0.0,0.3333333333333333,0.0,0.39558921741242187,0.3469902886657316,0.23238450415124415,7
0.0,0.3333333333333333,0.0,0.45558861028474296,0.4472001008632207,0.35844730745398384,7
0.0,0.3333333333333333,0.0,0.5509228340720053,0.5203837447440026,0.39262600047322216,7
0.0,0.3333333333333333,0.0,0.48453342237872626,0.5742199549863479,0.323695886271227,7
0.0,0.5,0.0,0.39182502580292633,0.44737485547691036,0.26772661645713847,7
0.0,0.3333333333333333,0.0,0.43751138364398034,0.3727901514459225,0.24016644713241436,7
0.0,0.3333333333333333,0.0,0.5610922226944326,0.5168957655622074,0.3857764089310066,7
0.0,0.3333333333333333,0.0,0.41951004796308655,0.41076266904374387,0.27398650023885357,7
0.0,0.3333333333333333,0.0,0.5485398579321231,0.5830707181416529,0.3993128623895846,7
0.0,0.3333333333333333,0.0,0.5856960718839171,0.6007948551846166,0.4078406851455805,7
0.0,0.3333333333333333,0.0,0.37989496691154145,0.35614329818987916,0.22849351995817005,7
0.0,0.3333333333333333,0.0,0.40902191730921,0.4132906280336818,0.2564213106045288,7
0.0,0.3333333333333333,0.0,0.49450549450549447,0.45454134157675946,0.30787913310565856,7
0.0,0.3333333333333333,0.0,0.3664015542468581,0.3362248746889691,0.21000813942624935,7
0.0,0.3333333333333333,0.0,0.37751199077165926,0.3355493146041406,0.22320427405660662,7
0.0,0.5,0.2,0.5299010381883311,0.5575709543817775,0.4053152721792996,7
0.0,0.3333333333333333,0.0,0.4969491834132718,0.4920859858532538,0.3648373012732885,7
0.0,0.3333333333333333,0.0,0.4598536822293728,0.39919211945129124,0.24920708255254892,7
0.0,0.3333333333333333,0.0,0.49137119786291045,0.41400283431640106,0.2538535859798913,7
0.0,0.3333333333333333,0.0,0.36245522433367733,0.34177430845682577,0.2138944875061962,7
0.0,0.3333333333333333,0.0,0.4891020581628317,0.42823884384099375,0.37824728241811156,7
0.0,0.3333333333333333,0.0,0.5038552607613381,0.4473864186661832,0.34931342389848585,7
0.0,0.3333333333333333,0.0,0.3505858782101876,0.2922520648963479,0.20797636655156965,7
0.0,0.3333333333333333,0.0,0.3746888470645376,0.4046639943808975,0.23610348255423758,7
0.0,0.5,0.2,0.49688847064537667,0.5623156975436715,0.4232769393688635,7
0.0,0.3333333333333333,0.0,0.44693704085969277,0.37624713534700344,0.2590612349531276,7
0.0,0.3333333333333333,0.0,0.4099629652115841,0.3924672384015085,0.258750540481447,7
0.0,0.3333333333333333,0.0,0.3885010017606703,0.3694594867346803,0.23774979672022115,7
0.0,0.5,0.2,0.44673972436403364,0.4448765284839178,0.33366898654059285,7
0.0,0.3333333333333333,0.0,0.42107340173638524,0.41333660530856065,0.26127461234506477,7
0.0,0.3333333333333333,0.0,0.36822293728371086,0.35848455793994516,0.22817701428728707,7
0.0,0.3333333333333333,0.0,0.3872412118268473,0.32546065446846034,0.2255221859107455,7
0.0,0.3333333333333333,0.0,0.6457561775241334,0.5502369256512855,0.38340180137843155,7
0.0,0.3333333333333333,0.0,0.5062382369012203,0.42857071514313505,0.3674163584403151,7
0.0,0.5,0.2,0.47284621455892184,0.45820201278747474,0.3626832035353828,7
0.0,0.3333333333333333,0.0,0.37827090037034783,0.311785159418625,0.21108409313485546,7
0.0,0.3333333333333333,0.0,0.4142280371562139,0.3840958072320707,0.23575755312417385,7
0.0,0.3333333333333333,0.0,0.5191700564628741,0.4775495594442547,0.35359279432648877,7
0.0,0.3333333333333333,0.0,0.36257664986946764,0.4059337837250888,0.24304872899288119,7
0.0,0.3333333333333333,0.0,0.48433610588306714,0.4953839317540428,0.3132809613263632,7
0.0,0.3333333333333333,0.0,0.48954222573007106,0.40297373441688067,0.33012088369346304,7
0.0,0.3333333333333333,0.0,0.4179315159978143,0.4187279334774595,0.2598904461446613,7
0.0,0.3333333333333333,0.0,0.39835164835164844,0.33811411051042417,0.24219096000820511,7
0.0,0.3333333333333333,0.0,0.3928267864731953,0.33508180009881905,0.21314758157729136,7
0.0,0.3333333333333333,0.0,0.5159067451885131,0.5328705128565465,0.39266542330075066,7
0.0,0.3333333333333333,0.0,0.45276546657762123,0.46731779689472086,0.3252366058110498,7
0.0,0.3333333333333333,0.0,0.4122852285835711,0.4555849317700138,0.2615417904919561,7
0.0,0.3333333333333333,0.0,0.44755934673061737,0.4134702353724968,0.30211647745137066,7
0.0,0.5,0.2,0.5423926901827454,0.49712383502545704,0.36919882549545563,7
0.0,0.3333333333333333,0.0,0.4109040131139579,0.36664706763771365,0.2397394185522888,7
0.0,0.3333333333333333,0.0,0.37764859449942323,0.32322960879427953,0.22143672805325462,7
0.0,0.5,0.2,0.5929816040313277,0.6473751606264379,0.4401604090091421,7
0.0,0.3333333333333333,0.0,0.5007740877906623,0.5222861966480046,0.39154768583912786,7
0.0,0.3333333333333333,0.0,0.605215226762188,0.5839495558446205,0.4514641300987884,7
0.0,0.3333333333333333,0.0,0.3760093497662558,0.3758469020743168,0.2212210905141817,7
0.0,0.3333333333333333,0.0,0.6466972254265072,0.6252907405716972,0.43867467261685367,7
0.0,0.3333333333333333,0.0,0.3784530386740331,0.32321587000189356,0.22188520749037927,7
0.0,0.3333333333333333,0.0,0.42151356930362455,0.3997285539552292,0.25308833304756584,7
0.0,0.3333333333333333,0.0,0.5457167142250015,0.46725478210455407,0.3840543219370526,7
0.0,0.3333333333333333,0.0,0.45158156760366697,0.40582171897382824,0.24648885256010628,7
0.0,0.3333333333333333,0.0,0.3695434399854288,0.3794910231613507,0.22890969073210152,7
0.0,0.3333333333333333,0.0,0.44994232287049973,0.40774251516771515,0.2602697558197056,7
0.0,0.3333333333333333,0.0,0.43494626920041296,0.45054662346079005,0.27741360182242275,7
0.0,0.3333333333333333,0.0,0.3891233076315949,0.42843015564201103,0.23696123388157062,7
0.0,0.5,0.2,0.47988130653876515,0.4509927492445978,0.31822412838857445,7
0.0,0.5,0.2,0.4383310060105641,0.48157648778813145,0.31239349160533003,7
0.0,0.5,0.2,0.4122852285835711,0.3397082201186793,0.2622675195080613,7
0.0,0.3333333333333333,0.0,0.4206939469370408,0.39613449999438094,0.25002292784700636,7
0.0,0.5,0.2,0.3834770202173517,0.4244181104012485,0.28773879682250036,7
0.0,0.3333333333333333,0.0,0.4298615748891992,0.4746003104515006,0.27522921496800085,7
0.0,0.3333333333333333,0.0,0.4587912087912088,0.5149096942112832,0.312684534328218,7
0.0,0.3333333333333333,0.0,0.367342602149232,0.361228784593882,0.2043944947778621,7
0.0,0.3333333333333333,0.0,0.4379515512112197,0.39921620648575684,0.2620872183067777,7
0.0,0.3333333333333333,0.0,0.5446542407868374,0.529125395752272,0.4007754921581426,7
0.0,0.5,0.2,0.3746281342966426,0.3489825336436714,0.2275869069387459,7
1.0,0.0,0.4,0.2660433489162772,0.0848350934162655,0.02491213458704994,8
0.5,0.16666666666666666,0.2,0.1781160828122154,0.0,0.01749390763164487,8
1.0,0.0,0.4,0.29164895877603064,0.07733704681471971,0.062299898198742126,8
1.0,0.0,0.4,0.287763341630745,0.13849509393374826,0.07309759315207857,8
1.0,0.0,0.4,0.3153724728310365,0.14660927416236297,0.038154409725491126,8
1.0,0.0,0.4,0.28249650901584594,0.10122598131514343,0.048228061197629,8
1.0,0.0,0.4,0.20592253050816586,0.08865726783989082,0.042300762019195685,8
1.0,0.0,0.4,0.27332888106368763,0.0814111673806683,0.034575500764808594,8
1.0,0.0,0.4,0.20152844393175878,0.09661135758488955,0.034607132316687696,8
1.0,0.0,0.4,0.16632262764859448,0.06731737731412045,0.029643999876782588,8
1.0,0.0,0.4,0.24576528443931747,0.09716966113830151,0.025217685160931664,8
1.0,0.0,0.4,0.2715682107947301,0.08669675276189814,0.03428774864083835,8
0.5,0.16666666666666666,0.2,0.2642219658794245,0.10050118055076661,0.04286138076062184,8
1.0,0.0,0.4,0.23579321231254927,0.05649244505219438,0.011169636939286848,8
1.0,0.0,0.4,0.22361271325359725,0.1385471530082386,0.03212825731669112,8
1.0,0.0,0.4,0.26585362151660497,0.06973913437936857,0.03787106961156297,8
0.5,0.16666666666666666,0.2,0.6939014024649384,0.5893051207714374,0.4113133915148344,8
1.0,0.0,0.4,0.25839354016149596,0.08610286255756604,0.02684065755108817,8
1.0,0.0,0.4,0.33740361848096656,0.20362743816679907,0.046411837245541335,8
1.0,0.0,0.4,0.26372108554428997,0.11779331910286407,0.027260603937417652,8
1.0,0.0,0.4,0.24822415153906865,0.15518661769007328,0.025028378375017795,8
1.0,0.0,0.4,0.24809513690729162,0.08562354469899153,0.039809591653246885,8
1.0,0.0,0.4,0.27382976139882215,0.08817374711166612,0.045463616296499684,8
1.0,0.0,0.4,0.2277639487584239,0.04527196977883841,0.04266537675884327,8
1.0,0.0,0.4,0.21150810515451401,0.09443404506941272,0.02915643365394272,8
1.0,0.0,0.4,0.29372837107643746,0.13495114241731784,0.07759642615921995,8
1.0,0.0,0.4,0.30069516119239864,0.13844559189928035,0.06561603058350664,8
1.0,0.0,0.4,0.2271416428874993,0.09710580577420465,0.023405731093576975,8
1.0,0.0,0.4,0.2869437192641613,0.09366590883393691,0.028424582663571014,8
1.0,0.0,0.4,0.28374112075769536,0.1680036889752421,0.04302388146273545,8
1.0,0.0,0.4,0.2678647319531297,0.0800607394483655,0.0263544139212604,8
1.0,0.0,0.4,0.2418189545261369,0.06078909167291516,0.020958116958409427,8
1.0,0.0,0.4,0.1975138121546961,0.0904942679956937,0.020104269432462386,8
1.0,0.0,0.4,0.25380213708943,0.1503616385679166,0.04426817525956903,8
1.0,0.0,0.4,0.28229919252018704,0.10976698238176126,0.037414230622561925,8
1.0,0.0,0.4,0.2381154756845365,0.15517653786655944,0.03817814019655229,8
1.0,0.0,0.4,0.24715408900491778,0.14157273176475693,0.029396326297793464,8
1.0,0.0,0.4,0.2856839293303382,0.16858049928240776,0.05337432509841769,8
1.0,0.0,0.4,0.2608372290692733,0.08474358387623523,0.037478784558925636,8
1.0,0.0,0.4,0.2187936373019247,0.13645099472706562,0.06046916999519,8
1.0,0.0,0.4,0.25286108918705597,0.15834661763893249,0.04093796130241995,8
1.0,0.0,0.4,0.1964361605245583,0.056692275610855554,0.014361775032371037,8
0.5,0.16666666666666666,0.2,0.6908354076862364,0.518402335399749,0.4130067496726101,8
1.0,0.0,0.4,0.25575253475805954,0.13930619833070643,0.05231787062443503,8
1.0,0.0,0.4,0.2682973104243823,0.07946827610062047,0.04851575382120053,8
1.0,0.0,0.4,0.20598324327606093,0.11159876956646847,0.030019244408219996,8
1.0,0.0,0.4,0.2548114868556857,0.13187471953350216,0.027636626861637502,8
1.0,0.0,0.4,0.2645407079108737,0.11523240820213962,0.03217887629562814,8
1.0,0.0,0.4,0.26441928237508355,0.1355012026952982,0.030527459629841658,8
1.0,0.0,0.4,0.30502094590492385,0.12146736885999514,0.03886709040147668,8
1.0,0.0,0.4,0.2533088458502822,0.10833802789164167,0.039488896517078036,8
1.0,0.0,0.4,0.3114868556857508,0.12044035704500808,0.05503569182576979,8
1.0,0.0,0.4,0.24408050513022894,0.16294263572438222,0.034277791859366274,8
1.0,0.0,0.4,0.27376904863092716,0.15010706474910615,0.038212036935862746,8
1.0,0.0,0.4,0.25204905591645915,0.0870891241960626,0.019101050009218353,8
1.0,0.0,0.4,0.25374901341752176,0.1114899329016452,0.03171722634700051,8
1.0,0.0,0.4,0.30005767712950043,0.1764278926474639,0.05723317995886795,8
1.0,0.0,0.4,0.2232408475502398,0.13184525706407207,0.029912812284349027,8
1.0,0.0,0.4,0.2190364883735049,0.13031977078128149,0.02336560354119381,8
1.0,0.0,0.4,0.22211007224819376,0.12516570343369293,0.024234036351714224,8
1.0,0.0,0.4,0.2841812883249347,0.10626564584448961,0.050628149555757035,8
1.0,0.0,0.4,0.2758939955072553,0.13967226474541322,0.04484202315562997,8
1.0,0.0,0.4,0.31161587031752785,0.183462910159197,0.06722360820596983,8
1.0,0.0,0.4,0.2634630562807359,0.18312156650713826,0.04925284710662904,8
1.0,0.0,0.4,0.1980146924898306,0.05812572964377704,0.01920982095187667,8
1.0,0.0,0.4,0.2714999089308482,0.18617786506215855,0.04642305452179189,8
1.0,0.0,0.4,0.23817618845243144,0.13491220053432387,0.014177321620650692,8
1.0,0.0,0.4,0.15647198105761637,0.18730821802501454,0.06268974746225277,8
1.0,0.0,0.4,0.2700655697893268,0.14726037990310936,0.03666559065591479,8
1.0,0.0,0.4,0.3261034545564932,0.21367184455733929,0.07307877234039387,8
1.0,0.0,0.4,0.2732681682957927,0.12646297036265589,0.03249852805117783,8
1.0,0.0,0.4,0.27627345030659944,0.09427314933009893,0.041846185978690296,8
1.0,0.0,0.4,0.2752109768684355,0.1265528482003514,0.04452442985043509,8
1.0,0.0,0.4,0.2849401979236233,0.1574774218133978,0.04087985609910679,8
1.0,0.0,0.4,0.23691639851860838,0.06569324014471752,0.025767526393498354,8
1.0,0.0,0.4,0.27771537854410777,0.09653651118688414,0.0309450240036523,8
1.0,0.0,0.4,0.29980723696193307,0.19931229185597105,0.0669768457858002,8
1.0,0.0,0.4,0.23467002610649018,0.08873618289826352,0.02959307341424017,8
1.0,0.0,0.4,0.2084876449517333,0.09734637238206346,0.013108996759477763,8
1.0,0.0,0.4,0.2387377815554611,0.1311659320556746,0.02454388267524337,8
1.0,0.0,0.4,0.24150021249468764,0.14619267442080353,0.046121869399618584,8
1.0,0.0,0.4,0.2105670572521401,0.09929878545755404,0.04146534644977531,8
1.0,0.0,0.4,0.18539402586363915,0.06841288530893562,0.016797136779606432,8
1.0,0.0,0.4,0.25607127678950875,0.14630218213204152,0.04344696805435587,8
1.0,0.0,0.4,0.22217837411207586,0.0413534613446432,0.01303078468603906,8
1.0,0.0,0.4,0.2329093558375326,0.06709372813955931,0.021504157980038404,8
1.0,0.0,0.4,0.2456514479995143,0.15853972360615348,0.0396799790870917,8
1.0,0.0,0.4,0.3815342116447089,0.20850287997934366,0.11520688636997158,8
1.0,0.0,0.4,0.24011899702507428,0.14297964061424093,0.047839084452700846,8
1.0,0.0,0.4,0.2497875053123671,0.09973062148455127,0.029135999667373683,8
1.0,0.0,0.4,0.23579321231254927,0.11650837823699288,0.027824043026876258,8
0.5,0.16666666666666666,0.2,0.7956408232651326,0.6303682309278952,0.44833841754480636,8
1.0,0.0,0.4,0.255122639791148,0.14540747241545396,0.052700044438788625,8
1.0,0.0,0.4,0.22832554186145357,0.14310214543498542,0.020199777905469476,8
1.0,0.0,0.4,0.27771537854410777,0.12770903998199784,0.026488530716567153,8
1.0,0.0,0.4,0.2466532086697833,0.13802967733142849,0.038813668514279254,8
1.0,0.0,0.4,0.2075617752413332,0.1817426155703861,0.07630277004129205,8
1.0,0.0,0.4,0.2915882460081355,0.18171660016043387,0.0630987882523919,8
1.0,0.0,0.4,0.28932669540404343,0.21036930022269779,0.057777273412628054,8
1.0,0.0,0.4,0.30225851496569733,0.12900694970278964,0.05762039186891024,8
1.0,0.0,0.4,0.2466532086697833,0.12428713414929142,0.028532608330108032,8
1.0,0.0,0.4,0.2650415882460082,0.12010265823452815,0.05322010583957291,8
0.5,0.16666666666666666,0.2,0.6169024345819927,0.556133841379984,0.45006588085135235,8
1.0,0.0,0.4,0.3156229129986036,0.1707934973398555,0.067745362666146,8
1.0,0.0,0.4,0.2312777002003521,0.13956084278598163,0.05019834998956127,8
1.0,0.0,0.4,0.19795397972193554,0.09675420570747013,0.04123076873808132,8
1.0,0.0,0.4,0.26974682775787756,0.08609412482688149,0.05034673155141172,8
1.0,0.0,0.4,0.2832402404225609,0.12389339236771163,0.029710673723898365,8
1.0,0.0,0.4,0.27847428814279634,0.1328793537164695,0.04956927993027944,8
1.0,0.0,0.4,0.2427600024285107,0.11892438549401367,0.03870125221978427,8
1.0,0.0,0.4,0.24257786412482543,0.0677308266693539,0.02616313227254528,8
1.0,0.0,0.4,0.18540161495962595,0.09733485863831595,0.02412630914795436,8
1.0,0.0,0.4,0.24490012749681267,0.09160682056944304,0.036921919737263345,8
1.0,0.0,0.4,0.264980875478113,0.07371929431996165,0.042729570775131856,8
1.0,0.0,0.4,0.19933519519154883,0.09629649554345016,0.021802747731887503,8
1.0,0.0,0.4,0.24131807419100237,0.08577245343024414,0.03377538398389487,8
1.0,0.0,0.4,0.22406046991682352,0.13897991437292356,0.018630774106356163,8
1.0,0.0,0.4,0.2319075951672636,0.07579430404360074,0.029149230035695133,8
1.0,0.0,0.4,0.2733895938315828,0.10292281047037824,0.031028784514375338,8
1.0,0.0,0.4,0.2222390868799708,0.14630950713343185,0.03238045208049287,8
1.0,0.0,0.4,0.22097929694614774,0.14180795119223732,0.03064466732550838,8
1.0,0.0,0.4,0.2863745370651447,0.14813068472113983,0.05039855034141507,8
1.0,0.0,0.4,0.24684293606945548,0.11074116518479263,0.01947651479006893,8
1.0,0.0,0.4,0.26227915730678164,0.07473364808047281,0.028045579497711606,8
1.0,0.0,0.4,0.27162892356262525,0.08042311157596821,0.025328245355396437,8
1.0,0.0,0.4,0.2013387165320867,0.08720837267578405,0.0156564311778825,8
1.0,0.0,0.4,0.24772327120393414,0.10001510278251945,0.039940669534028986,8
1.0,0.0,0.4,0.21345091372715685,0.08014231750145769,0.040870191643174174,8
1.0,0.0,0.4,0.25343027138607255,0.14015018400198653,0.026749386130049,8
0.5,0.16666666666666666,0.2,0.2450291421285897,0.11471249556729696,0.07420600796304394,8
1.0,0.0,0.4,0.2499089308481574,0.14917010736297626,0.031155433429454284,8
1.0,0.0,0.4,0.23202902070305395,0.06236968852547162,0.02710019345474349,8
1.0,0.0,0.4,0.25657215712464326,0.16776341904053516,0.059538515606288415,8
1.0,0.0,0.4,0.24608402647076671,0.1078187651122743,0.03695871348150081,8
1.0,0.0,0.4,0.279035881245826,0.18014267139014603,0.05564388318522546,8
1.0,0.0,0.4,0.22349887681379385,0.053884292483872616,0.021001603555934167,8
1.0,0.0,0.4,0.2942292514115719,0.1559254892382204,0.09148830847092458,8
1.0,0.0,0.4,0.2841812883249347,0.10219555155702943,0.03540764514685917,8
1.0,0.0,0.4,0.2969309695829033,0.15546727755530088,0.06833989626788123,8
1.0,0.16666666666666666,0.6,0.22129803897759695,0.08897237710895677,0.017893789314471633,8
1.0,0.0,0.4,0.2541284682168659,0.11685452516865177,0.03883201016830476,8
1.0,0.0,0.4,0.24622063019853066,0.08191270747104018,0.0592319393537605,8
1.0,0.0,0.4,0.2546293485520004,0.14066994123660684,0.04185097842308705,8
1.0,0.0,0.4,0.31047750591949486,0.14444276196234004,0.06264657836279787,8
1.0,0.0,0.4,0.20479175520611984,0.09445306746935879,0.025259779519170744,8
1.0,0.0,0.4,0.23529233197741478,0.06524500233061482,0.020890363261808372,8
1.0,0.0,0.4,0.24865673001032107,0.10465916072761756,0.03788573608978908,8
1.0,0.0,0.4,0.25777123429057136,0.0693918431369813,0.037008934389815354,8
1.0,0.0,0.4,0.24678222330156033,0.08088814674137851,0.04032837069553705,8
1.0,0.0,0.4,0.3059012810394025,0.22580925884272648,0.058165323143327806,8
1.0,0.0,0.4,0.21477141642887496,0.13512478097486513,0.03400367405991434,8
1.0,0.0,0.4,0.2640929512476474,0.15201260346661602,0.03899548085336892,8
1.0,0.0,0.4,0.2954814522494081,0.19386230010313138,0.08420194264631005,8
1.0,0.0,0.4,0.2459626009349766,0.1568872541507558,0.026063681809173494,8
1.0,0.0,0.4,0.19976777366280124,0.07846111313221656,0.02558204801907058,8
1.0,0.0,0.4,0.17410904013113954,0.17324306398125955,0.03777215199753741,8
1.0,0.0,0.4,0.22129803897759695,0.03462146013921784,0.02870477647774092,8
1.0,0.0,0.4,0.24320016999575006,0.1299388071361675,0.0947355751809991,8
1.0,0.0,0.4,0.19381033331309572,0.14876224535210117,0.050126677852951274,8
1.0,0.0,0.4,0.26742456438589035,0.10757535891853434,0.019305132043979895,8
1.0,0.0,0.4,0.240938619391658,0.07976305619514334,0.016756810168977197,8
1.0,0.0,0.4,0.205049784469674,0.11438135182074216,0.05025977860906074,8
1.0,0.0,0.4,0.2260639912573615,0.13142277330500238,0.029003216170067958,8
1.0,0.0,0.4,0.25719446299556786,0.10695756533454466,0.042279396122121046,8
1.0,0.0,0.4,0.272448545929209,0.17580508387447993,0.05998107381093343,8
1.0,0.0,0.4,0.2407564810879727,0.09264280321544818,0.021437231679902684,8
1.0,0.0,0.4,0.22782466152631906,0.09606925803648196,0.026866506479948638,8
1.0,0.0,0.4,0.22135875174549213,0.1013324234038132,0.020964809220969757,8
1.0,0.0,0.4,0.2779126950397669,0.12844428081585885,0.04432857550836861,8
1.0,0.0,0.4,0.3096047598810029,0.210681562842236,0.0669737405158408,8
1.0,0.0,0.4,0.27709307267318317,0.11730155509920791,0.021289928321188298,8
1.0,0.0,0.4,0.29949608402647077,0.1171415281884101,0.04644595253460779,8
1.0,0.0,0.4,0.24954465424078687,0.10220353347754148,0.026300237873482717,8
1.0,0.0,0.4,0.22808269078987312,0.0775260699942804,0.04204617658838436,8
1.0,0.0,0.4,0.21815615323902623,0.1307342302379604,0.02786223620883807,8
1.0,0.0,0.4,0.200716410661162,0.1011559028785059,0.023015668695410732,8
1.0,0.0,0.4,0.24049845182441865,0.13897043495935954,0.04061836238438965,8
1.0,0.0,0.4,0.25217048145224946,0.17146883138799687,0.03249508011619694,8
1.0,0.0,0.4,0.26108766923684046,0.16622855929887775,0.029653283213414785,8
0.5,0.16666666666666666,0.2,0.2575663286989253,0.05526108900845124,0.04247787843792844,8
1.0,0.0,0.4,0.22688361362394502,0.13220701465443177,0.038448179125589045,8
1.0,0.0,0.4,0.25292939105093803,0.09512919264590496,0.02460056813606544,8
1.0,0.0,0.4,0.2551909416550301,0.12065459744246979,0.02736442527007766,8
1.0,0.16666666666666666,0.6,0.3203964543743548,0.16461982794242783,0.07032314949005224,8
1.0,0.0,0.4,0.19995750106247343,0.06301936740963077,0.01748778414491903,8
1.0,0.0,0.4,0.28261034545564934,0.15591751438135476,0.04853156520635902,8
1.0,0.0,0.4,0.22023556553943302,0.08311112573128966,0.03698174012278568,8
1.0,0.0,0.4,0.2546900613198956,0.14808690424031337,0.019466951922435565,8
1.0,0.0,0.4,0.27708548357719626,0.13960825398109417,0.04491774049741761,8
1.0,0.0,0.4,0.26189970250743727,0.08667730654316388,0.028437117326626286,8
1.0,0.0,0.4,0.25619270232529906,0.10605273341256435,0.02723359334927795,8
1.0,0.0,0.4,0.2417582417582417,0.10056847591069458,0.031623426719989696,8
1.0,0.0,0.4,0.2561319895574039,0.077155179109034,0.03216932374805038,8
1.0,0.0,0.4,0.19625402222087304,0.08471975113304256,0.03668002206448568,8
1.0,0.0,0.4,0.2928404468459716,0.22161918851995838,0.04792497966900369,8
1.0,0.0,0.4,0.21615263189848824,0.03565910980579002,0.02464141549140724,8
1.0,0.0,0.4,0.3023799405014874,0.1317896732299927,0.03721920770543346,8
1.0,0.0,0.4,0.26503399915002124,0.10863381808760969,0.034803871814430364,8
1.0,0.0,0.4,0.24470281100115354,0.10052293658189691,0.021622694450584894,8
1.0,0.0,0.4,0.17466304413818226,0.047205480536372975,0.013334236314086784,8
0.5,0.16666666666666666,0.2,0.2665594074433853,0.25881806023805676,0.1338531382811386,9
0.5,0.16666666666666666,0.2,0.28405986278914463,0.21730606241202097,0.12997475740933587,9
0.5,0.16666666666666666,0.2,0.4726033634873414,0.3438597088044236,0.27309412302113695,9
0.5,0.16666666666666666,0.2,0.2578926598263615,0.233457068876748,0.1416551147762963,9
0.5,0.16666666666666666,0.2,0.5087578167688666,0.49823563885268046,0.33117991233048644,9
0.5,0.16666666666666666,0.2,0.21038491894845482,0.19388682508367824,0.08644464706077591,9
0.5,0.16666666666666666,0.2,0.27132535972314986,0.24887794858765888,0.13344469677326298,9
0.5,0.16666666666666666,0.2,0.26460142067876863,0.1917962541468638,0.11753253026838051,9
0.5,0.16666666666666666,0.2,0.26071580353348317,0.19570293097322036,0.13858916234748914,9
0.5,0.16666666666666666,0.2,0.28920526986825335,0.18985375843101845,0.14458661880990303,9
0.5,0.16666666666666666,0.2,0.2983121850525165,0.25957542441266435,0.15611785244129295,9
0.5,0.16666666666666666,0.2,0.2970523951186934,0.21789771344042191,0.14485926948473574,9
0.5,0.16666666666666666,0.2,0.3489010989010988,0.3200814263259661,0.1858079900150926,9
0.5,0.16666666666666666,0.2,0.26259789933823086,0.172911220933704,0.10652900117175026,9
0.5,0.16666666666666666,0.2,0.332584542529294,0.29183745003944667,0.16613199757211625,9
0.5,0.16666666666666666,0.2,0.2873838868314006,0.23691487922446586,0.15139938287011986,9
0.5,0.16666666666666666,0.2,0.3796521158399612,0.26216822061355843,0.18127175111810745,9
0.5,0.16666666666666666,0.2,0.3011353287596382,0.15407205904072618,0.12249818224674945,9
0.5,0.16666666666666666,0.2,0.3323265132657397,0.20460244741646755,0.19596617845491193,9
0.5,0.16666666666666666,0.2,0.21978780887620677,0.18447950309563962,0.10261928746312877,9
0.5,0.16666666666666666,0.2,0.2687450670876086,0.29376817772027153,0.12337592697318513,9
0.5,0.16666666666666666,0.2,0.38982150446238834,0.39507698029028615,0.20310490333244718,9
0.5,0.16666666666666666,0.2,0.24490012749681267,0.1965517128604542,0.09779748710564984,9
0.5,0.16666666666666666,0.2,0.26039706150203396,0.1814975494197254,0.11588987177552892,9
0.5,0.16666666666666666,0.2,0.259395300831765,0.19298490338404398,0.11825345530510697,9
0.5,0.16666666666666666,0.2,0.44147289174913484,0.3153841861865887,0.2385311212526168,9
0.5,0.16666666666666666,0.2,0.3669024345819926,0.19834328670580273,0.13821558818111507,9
0.5,0.16666666666666666,0.2,0.22211007224819376,0.15826411424815276,0.09352866749302459,9
0.5,0.16666666666666666,0.2,0.3269382551150508,0.336377837953296,0.1694743671799256,9
0.5,0.16666666666666666,0.2,0.2603363487341388,0.20687157320877292,0.11535380036772179,9
0.5,0.16666666666666666,0.2,0.3964088397790056,0.32490103707680495,0.22924378886461078,9
0.5,0.16666666666666666,0.2,0.2588944204966305,0.13685762766345486,0.10313002862885151,9
0.5,0.16666666666666666,0.2,0.5464756238236902,0.3400763703090952,0.31704681184254097,9
0.5,0.16666666666666666,0.2,0.3004371319288446,0.2169715139878672,0.12229634232449643,9
0.5,0.16666666666666666,0.2,0.2650415882460082,0.15476257992878004,0.11758511511098564,9
0.5,0.16666666666666666,0.2,0.29202841357537485,0.19122952366321216,0.13094163407272713,9
0.5,0.16666666666666666,0.2,0.41022099447513816,0.3549010782578638,0.2097358171701868,9
0.5,0.16666666666666666,0.2,0.2927873231740636,0.22737262039789397,0.13726243959054715,9
0.5,0.16666666666666666,0.2,0.4764282678647319,0.3043217600030188,0.25623723127855297,9
0.5,0.16666666666666666,0.2,0.3733076315949244,0.3108455178468362,0.2034869145313867,9
0.5,0.16666666666666666,0.2,0.35192155910387946,0.345173455220603,0.20378485100989266,9
0.5,0.16666666666666666,0.2,0.29028292149839113,0.20435646299176555,0.15230344263005516,9
0.5,0.16666666666666666,0.2,0.22788537429421402,0.09779067574508178,0.0982537595453549,9
0.5,0.16666666666666666,0.2,0.3210339384372533,0.24562751277303305,0.15423428650759358,9
0.5,0.16666666666666666,0.2,0.31857507133750235,0.18558662372525292,0.1281504939120166,9
0.5,0.16666666666666666,0.2,0.2695646894541923,0.1918003793164028,0.09879162556986015,9
0.5,0.3333333333333333,0.4,0.4560287778519823,0.32904233292069157,0.2518673925392263,9
0.5,0.16666666666666666,0.2,0.2788537429421407,0.22313268073104134,0.1291488492672357,9
0.5,0.16666666666666666,0.2,0.3437556918219901,0.2777023941502158,0.1666081157118302,9
0.5,0.16666666666666666,0.2,0.4802531722421226,0.3972502029544564,0.28041258305584593,9
0.5,0.16666666666666666,0.2,0.25513022888713494,0.13692283924767387,0.09475166893735905,9
0.5,0.16666666666666666,0.2,0.3300042498937527,0.21014081245030417,0.19387281423994235,9
0.5,0.16666666666666666,0.2,0.4682016878149474,0.37175314457117914,0.26141668700783943,9
0.5,0.3333333333333333,0.2,0.3061593103029568,0.222524670297414,0.1292583440772772,9
0.5,0.16666666666666666,0.2,0.30892174124218313,0.17422589268757127,0.13590480166739435,9
0.5,0.16666666666666666,0.2,0.28481877238783315,0.16652766940868716,0.11907106196385193,9
0.0,0.5,0.2,0.6134418068119725,0.5870833002195475,0.5794996335514097,9
0.5,0.16666666666666666,0.2,0.22632202052091557,0.10480604219233297,0.06440056457054544,9
0.5,0.16666666666666666,0.2,0.29849432335620174,0.23522267675766959,0.1584534934387532,9
0.5,0.16666666666666666,0.2,0.26912452188695274,0.2018671138934376,0.11969271702133615,9
0.5,0.16666666666666666,0.2,0.2678040191852347,0.1392189976150234,0.12358593356287795,9
0.5,0.16666666666666666,0.2,0.2300862121304111,0.14804618231840874,0.09320808938835667,9
0.5,0.16666666666666666,0.2,0.34519762005949844,0.3103957401578029,0.18713724177576657,9
0.5,0.16666666666666666,0.2,0.2381913666444053,0.24171894995306875,0.1360555915071079,9
0.5,0.16666666666666666,0.2,0.40657822840143293,0.2868424842649682,0.22293810540752593,9
0.5,0.16666666666666666,0.2,0.2752109768684355,0.20786460182058855,0.12779102073453394,9
0.5,0.16666666666666666,0.2,0.21759456013599657,0.11298668427059229,0.056410249897574045,9
0.5,0.16666666666666666,0.2,0.29416853864367676,0.25066518535407445,0.16184898823696509,9
0.5,0.16666666666666666,0.2,0.28914455710035813,0.20463079382975513,0.1516792466532627,9
0.5,0.16666666666666666,0.2,0.31889381336895156,0.2771983535289932,0.15741567497065911,9
0.5,0.16666666666666666,0.2,0.5916611013296096,0.4373754303870966,0.32808135133329375,9
0.5,0.16666666666666666,0.2,0.31104668811851127,0.21409464618050028,0.1433558215934519,9
0.5,0.16666666666666666,0.2,0.4421559103879546,0.2529006316800067,0.25871609916069277,9
0.5,0.16666666666666666,0.2,0.2568908991560925,0.16027662482781746,0.12015993292698215,9
0.5,0.16666666666666666,0.2,0.35026713617873834,0.26241044717833784,0.15832168822990736,9
0.5,0.16666666666666666,0.2,0.23429057130714578,0.2427093650156902,0.11406622964113998,9
0.5,0.16666666666666666,0.2,0.4359480298706817,0.38314097882036957,0.26179736755868105,9
0.5,0.16666666666666666,0.2,0.2836804079898002,0.18853816133946347,0.13171896744991157,9
0.5,0.16666666666666666,0.2,0.2829366765830855,0.17037949702019722,0.12054762927775374,9
0.5,0.16666666666666666,0.2,0.32233926294699766,0.2528116862436453,0.15747026048891166,9
0.5,0.16666666666666666,0.2,0.38643676765223717,0.25966162915419494,0.20534315970686604,9
0.5,0.16666666666666666,0.2,0.2941002367797947,0.23087440900853964,0.12551667314642653,9
0.5,0.16666666666666666,0.2,0.23303078137332273,0.12337111341130133,0.0786268348943297,9
0.5,0.16666666666666666,0.2,0.2668629712828607,0.13952525613506134,0.08330481152587588,9
0.5,0.16666666666666666,0.2,0.18007406957683197,0.18193864588724598,0.08850500365549854,9
0.5,0.16666666666666666,0.2,0.4955072551757635,0.3110174328746444,0.2773918582816049,9
0.5,0.16666666666666666,0.2,0.4202537793698015,0.2178755477177963,0.21979270492102107,9
0.5,0.16666666666666666,0.2,0.31839293303381705,0.2011842429345118,0.14771791826288655,9
0.5,0.16666666666666666,0.2,0.24351891202719927,0.13813084993983085,0.10159157690342842,9
0.5,0.16666666666666666,0.2,0.2628559286017849,0.22674582066465404,0.13444262388677503,9
0.5,0.16666666666666666,0.2,0.31751259789933817,0.18215141704624174,0.11980892516795152,9
0.5,0.16666666666666666,0.2,0.2956104668811851,0.18939893023475848,0.12786260482183529,9
0.5,0.16666666666666666,0.2,0.26115597110072253,0.2977258258195619,0.14681308862271156,9
0.5,0.16666666666666666,0.2,0.3554884342177161,0.29712780338204436,0.1746560462548274,9
0.5,0.16666666666666666,0.2,0.2844393175884888,0.1905974050041797,0.13704381032506133,9
0.5,0.16666666666666666,0.2,0.32259729221055194,0.23705113696488916,0.1603456970860586,9
0.5,0.16666666666666666,0.2,0.42119482727217533,0.3607998022800589,0.23056906919589057,9
0.5,0.16666666666666666,0.2,0.30930119604152756,0.2596472828882127,0.16470840176539106,9
0.5,0.16666666666666666,0.2,0.2505464149110559,0.24460299442525024,0.12298544849559252,9
0.5,0.16666666666666666,0.2,0.3061593103029568,0.27725207962405074,0.1635378854045705,9
0.5,0.16666666666666666,0.2,0.3689818468823994,0.3827501967066611,0.20554881275856712,9
0.5,0.16666666666666666,0.2,0.2584542529293911,0.20207390920751905,0.1250094555696451,9
0.5,0.16666666666666666,0.2,0.23579321231254927,0.21075011553123585,0.11817941991667266,9
0.5,0.16666666666666666,0.2,0.26988343148564153,0.2076313319595342,0.13426132857323558,9
0.5,0.16666666666666666,0.2,0.29649080201566397,0.2117503278715123,0.13237003457538968,9
0.5,0.16666666666666666,0.2,0.33565053730799593,0.16244878088137069,0.15505238697129875,9
0.5,0.16666666666666666,0.2,0.2915882460081355,0.14825768908468637,0.10880182592590586,9
0.0,0.5,0.2,0.658763888045656,0.570372436199185,0.6352146297157842,9
0.5,0.16666666666666666,0.2,0.2718262400582844,0.1643013705049348,0.09586089185907345,9
0.5,0.16666666666666666,0.2,0.2603363487341388,0.29119552703911245,0.1455122647157063,9
0.5,0.16666666666666666,0.2,0.24590188816708144,0.13915693641713023,0.08101445028782611,9
0.5,0.16666666666666666,0.2,0.27012628255722176,0.22718503820221336,0.1378022856642255,9
0.5,0.16666666666666666,0.2,0.2367342602149231,0.21171703690569504,0.10146018596091726,9
0.5,0.16666666666666666,0.2,0.2976139882217231,0.2636607903037948,0.1501249063297718,9
0.5,0.16666666666666666,0.2,0.32529901038188336,0.2796536841059174,0.1633103223324278,9
0.5,0.16666666666666666,0.2,0.23787262461295605,0.2028792143507246,0.11284896511751769,9
0.5,0.16666666666666666,0.2,0.31192702325299015,0.2856339861812049,0.16009873346726497,9
0.5,0.16666666666666666,0.2,0.25016696011171147,0.19526392534505516,0.12416944234137638,9
0.5,0.16666666666666666,0.2,0.39200716410661157,0.282272078961622,0.21453972861408943,9
0.5,0.16666666666666666,0.2,0.273708335863032,0.20781490906766584,0.16327804786383293,9
0.5,0.16666666666666666,0.2,0.31035608038370477,0.3443331850273666,0.15520347233069234,9
0.5,0.16666666666666666,0.2,0.38592070912512905,0.25447885514734875,0.19849099103991685,9
0.5,0.16666666666666666,0.2,0.33026227915730677,0.3325247247581282,0.17420251720624783,9
0.5,0.16666666666666666,0.2,0.29899520369133625,0.16808375540798962,0.1369827335668321,9
0.5,0.16666666666666666,0.2,0.32227855017910273,0.2297009607385648,0.1520829893026432,9
0.5,0.16666666666666666,0.2,0.34519762005949844,0.312072953566788,0.18840504338361103,9
0.5,0.16666666666666666,0.2,0.3168295792605184,0.2991096789269649,0.16741563306605128,9
0.5,0.16666666666666666,0.2,0.3517849553761157,0.15814964079344562,0.1804228398844583,9
0.5,0.16666666666666666,0.2,0.45420739481512956,0.3339118907157261,0.25705283800114404,9
0.5,0.16666666666666666,0.2,0.37142553579017673,0.33961904864563097,0.1822937248345782,9
0.5,0.16666666666666666,0.2,0.2706271628923562,0.27950053012313586,0.1430442100841959,9
0.5,0.3333333333333333,0.4,0.38235383401129264,0.36493594872566837,0.19147759663317404,9
0.5,0.16666666666666666,0.2,0.2570730374597778,0.27667681625546237,0.14356057053476598,9
0.5,0.16666666666666666,0.2,0.2584542529293911,0.14548061647466004,0.1154462011743892,9
0.5,0.16666666666666666,0.2,0.2970523951186934,0.1960207526825311,0.1395023379924918,9
0.5,0.16666666666666666,0.2,0.21797401493534097,0.11755999273263798,0.08067508188844015,9
0.5,0.16666666666666666,0.2,0.4704632384190394,0.3042056831005628,0.27331013974554585,9
0.5,0.16666666666666666,0.2,0.3415548539857932,0.2984480412893306,0.1559012591791577,9
0.5,0.16666666666666666,0.2,0.32321959808147654,0.25667129799356636,0.1564002426160761,9
0.5,0.16666666666666666,0.2,0.3804110254386498,0.282004762324578,0.17473720933109116,9
0.5,0.16666666666666666,0.2,0.27659219233804866,0.19314766392602603,0.11942594445777524,9
0.5,0.16666666666666666,0.2,0.23843421771598572,0.06653822179014991,0.061718226716809016,9
0.5,0.16666666666666666,0.2,0.3430574949911967,0.23035431271888876,0.17132388675799265,9
0.5,0.16666666666666666,0.2,0.2748315220690911,0.23812933902585076,0.12806108351021972,9
0.5,0.16666666666666666,0.2,0.2861999878574463,0.25846941277554697,0.14246437619512137,9
0.0,0.3333333333333333,0.0,0.5938012263979114,0.5691454454889607,0.496578300994987,9
0.5,0.16666666666666666,0.2,0.29635419828790005,0.23982071504600994,0.15287917753982364,9
0.5,0.16666666666666666,0.2,0.266984396818651,0.13787352129889674,0.11290369507377843,9
0.5,0.16666666666666666,0.2,0.2835589824540101,0.1944513940915099,0.14031131289634866,9
0.5,0.16666666666666666,0.2,0.2688057798555035,0.12632834432456747,0.12625090170367834,9
0.5,0.16666666666666666,0.2,0.2207364458745675,0.09904664153312955,0.07165990788090638,9
0.0,0.3333333333333333,0.0,0.7312549329123914,0.6490594941910657,0.45092139705882195,9
0.0,0.3333333333333333,0.0,0.6405045231012082,0.5886197492816607,0.5042955791095783,9
0.5,0.16666666666666666,0.2,0.24420193066601903,0.23302319851956713,0.10465150047029739,9
0.0,0.3333333333333333,0.0,0.297674700989618,0.1798245530076834,0.12687997149704008,9
0.5,0.16666666666666666,0.2,0.26630137817983124,0.2670702288004801,0.15070157847650623,9
0.5,0.16666666666666666,0.2,0.2707637666201202,0.15153628765779156,0.09977488647354561,9
0.5,0.16666666666666666,0.2,0.28594195859389226,0.21699683009681883,0.1426262426523661,9
0.5,0.16666666666666666,0.2,0.2883401129257483,0.18379661800942082,0.12560360952920724,9
0.5,0.16666666666666666,0.2,0.40237386922469803,0.2253352811008841,0.1946745522638432,9
0.5,0.16666666666666666,0.2,0.21144739238661886,0.22695070879418838,0.11072557032856045,9
0.5,0.16666666666666666,0.2,0.26542104304535236,0.11275609859519686,0.0915107087835776,9
0.5,0.16666666666666666,0.2,0.35655090765588004,0.2106524464914829,0.1454497888228644,9
0.5,0.16666666666666666,0.2,0.209246554550422,0.12847454147734003,0.09590166515163641,9
0.5,0.16666666666666666,0.2,0.2676825936494444,0.19902966123337812,0.12499558461342343,9
0.5,0.16666666666666666,0.2,0.2848794851557283,0.21166627047850886,0.12040196403586596,9
0.5,0.16666666666666666,0.2,0.2261398822172303,0.16569842556759173,0.08355210362914486,9
0.5,0.16666666666666666,0.2,0.3778307328031085,0.25363635990547406,0.20731397951707692,9
0.5,0.16666666666666666,0.2,0.2608372290692733,0.14346345801561736,0.11875891148722767,9
0.5,0.16666666666666666,0.2,0.2979934430210673,0.2391967831532372,0.14226114122437541,9
0.5,0.16666666666666666,0.2,0.2556918219901646,0.22724192174724334,0.11944346679397586,9
0.5,0.16666666666666666,0.2,0.2189150628377148,0.13336962729072027,0.08932380831903665,9
0.5,0.16666666666666666,0.2,0.29805415578896244,0.22100102762635224,0.13332418490621545,9
0.5,0.16666666666666666,0.2,0.2679406229129987,0.17805761009757878,0.11810776858195744,9
0.5,0.16666666666666666,0.2,0.24778398397182932,0.26228739845681515,0.12213895518483409,9
0.5,0.16666666666666666,0.2,0.2975532754538279,0.17782736347721395,0.12820980399127532,9
0.5,0.16666666666666666,0.2,0.3657792483759335,0.28789122385649973,0.18307923123463102,9
0.5,0.16666666666666666,0.2,0.2769109343694979,0.21313974713233438,0.11919955477205046,9
0.5,0.16666666666666666,0.2,0.2696861149899824,0.13861312040263013,0.11177779576722961,9
0.5,0.16666666666666666,0.2,0.24571974986339618,0.1586056486186661,0.09963823616378285,9
0.5,0.16666666666666666,0.2,0.3111832918462752,0.2638791911890278,0.14862374915115026,9
0.5,0.16666666666666666,0.2,0.3876813793940866,0.24818994235774874,0.22098360242779194,9
0.5,0.16666666666666666,0.2,0.4152297978264829,0.2817548010669129,0.19557989748095472,9
0.5,0.16666666666666666,0.2,0.25387043895331185,0.19534660532699683,0.1329258416555073,9
0.5,0.16666666666666666,0.2,0.2934703418128832,0.20197007360439706,0.1398719169218739,9
0.5,0.16666666666666666,0.2,0.3013326452552971,0.33361263933298724,0.1598837951052962,9
0.5,0.16666666666666666,0.2,0.304398640033999,0.17126214909225904,0.13440600676431702,9
0.5,0.16666666666666666,0.2,0.3300042498937527,0.26716754465790943,0.18018905420185546,9
0.5,0.16666666666666666,0.2,0.27426992896606145,0.22528245208892841,0.14238986376275176,9
0.5,0.16666666666666666,0.2,0.28469734685204307,0.1436929135075774,0.13353279251316147,9
0.5,0.16666666666666666,0.2,0.29743184991803784,0.23639780617550463,0.13977720377065633,9
0.5,0.16666666666666666,0.2,0.23172545686357834,0.15623215744975347,0.09354698380839714,9
0.5,0.16666666666666666,0.2,0.4078987311031509,0.3705712340527322,0.22712830933267855,9
0.5,0.16666666666666666,0.2,0.4535243761763098,0.31108720757448377,0.24283324558705274,9
0.5,0.16666666666666666,0.2,0.306402161374537,0.2349358573927195,0.1526582895508106,9
0.5,0.16666666666666666,0.2,0.44009167627952167,0.36212736518873545,0.2409081790290075,9
0.5,0.16666666666666666,0.2,0.401432821322324,0.33708779093279123,0.23577833005532142,9
0.5,0.16666666666666666,0.2,0.2668629712828607,0.28173854761638356,0.1442556627621014,9
0.5,0.16666666666666666,0.2,0.3295033695586182,0.20007828780656617,0.1660477286171902,9
0.5,0.16666666666666666,0.2,0.26115597110072253,0.2977258258195619,0.14681308862271156,9
